Date,ATR50,ATR14,RSI14,volatility_lag20,REASON_ATR,volatility_lag1,volatility_lag12,volatility_lag4,volatility_lag18,volatility_lag8,volatility_lag14,volatility_lag5,volatility_lag17,volatility_lag15,volatility_lag6,volatility_lag10,volatility_lag19,volatility_lag16,volatility_lag3,volatility_lag7,volatility_lag13,volatility_lag2,volatility_lag9,volatility_lag11,Z-Score_ATR14,Z-Score_ATR50
2019-03-11,0.2149154196193257,0.19063096113569827,65.28809543244768,0.11348034101169154,0.8870045782352803,0.22285017670693125,0.21235082294055566,0.23354821942834975,0.11663546427194821,0.23769094407634037,0.1666356647749296,0.23580424817697448,0.11454945979429952,0.14609442585085333,0.23581841433520184,0.24141289938326496,0.1142051086855646,0.11653220875076803,0.2331837243062054,0.23291493376740097,0.1817056323669796,0.23276488838414436,0.25080460213524397,0.22257498824578828,-0.442805113192167,-0.31080688536650247
2019-03-13,0.2141797922613212,0.19137375326685482,66.44560707482933,0.11663546427194821,0.8935191842625345,0.19121763749011428,0.24141289938326496,0.23276488838414436,0.11653220875076803,0.23581841433520184,0.21235082294055566,0.2331837243062054,0.14609442585085333,0.1817056323669796,0.23354821942834975,0.23769094407634037,0.11454945979429952,0.1666356647749296,0.22285017670693125,0.23580424817697448,0.22257498824578828,0.2129625074882443,0.23291493376740097,0.25080460213524397,-0.43897466559340087,-0.3148529646069174
2019-03-14,0.21159686896466356,0.1837780299926824,67.09650118813607,0.11454945979429952,0.8685290613793208,0.15778308864212795,0.25080460213524397,0.22285017670693125,0.14609442585085333,0.23580424817697448,0.22257498824578828,0.23276488838414436,0.1666356647749296,0.21235082294055566,0.2331837243062054,0.23291493376740097,0.11653220875076803,0.1817056323669796,0.2129625074882443,0.23354821942834975,0.24141289938326496,0.19121763749011428,0.23581841433520184,0.23769094407634037,-0.4781444666131612,-0.3290594948786295
2019-03-15,0.2090069481850545,0.1765153728492201,67.54850697566275,0.11653220875076803,0.8445430852037206,0.15392842021099667,0.23769094407634037,0.2129625074882443,0.1666356647749296,0.23354821942834975,0.24141289938326496,0.22285017670693125,0.1817056323669796,0.22257498824578828,0.23276488838414436,0.23581841433520184,0.14609442585085333,0.21235082294055566,0.19121763749011428,0.2331837243062054,0.25080460213524397,0.15778308864212795,0.23580424817697448,0.23291493376740097,-0.5155967045259692,-0.3433045125314822
2019-03-19,0.20911161014587765,0.18155118011068772,73.89146994588653,0.1666356647749296,0.8682022962954395,0.18499085350485947,0.23581841433520184,0.15778308864212795,0.21235082294055566,0.23276488838414436,0.23769094407634037,0.19121763749011428,0.22257498824578828,0.25080460213524397,0.2129625074882443,0.23354821942834975,0.1817056323669796,0.24141289938326496,0.15392842021099667,0.22285017670693125,0.23291493376740097,0.15550480819810572,0.2331837243062054,0.23580424817697448,-0.48962793745986755,-0.34272885342590403
2019-04-10,0.2230458990375576,0.22844073604225903,56.520362304762735,0.15778308864212795,1.024187115871577,0.1890826656751152,0.24986019515808502,0.19265504530058822,0.15550480819810572,0.2367389110528399,0.24927086952176236,0.2069210384029499,0.18499085350485947,0.23961585391803894,0.21979969306998853,0.2505107181461108,0.15392842021099667,0.2213150920696181,0.17385942742857083,0.23172678659414264,0.24966020451680757,0.1860794517311318,0.24023472153733552,0.2576179695999841,-0.24782679365178473,-0.2660878253277816
2019-04-11,0.22392154775371995,0.23118270738536031,50.04266690868306,0.15392842021099667,1.0324272483129964,0.1911302129356744,0.2576179695999841,0.17385942742857083,0.18499085350485947,0.23172678659414264,0.24966020451680757,0.19265504530058822,0.2213150920696181,0.24927086952176236,0.2069210384029499,0.24023472153733552,0.15550480819810572,0.23961585391803894,0.1860794517311318,0.21979969306998853,0.24986019515808502,0.1890826656751152,0.2367389110528399,0.2505107181461108,-0.23368693257017314,-0.26127160410679373
2019-04-18,0.24241265117545066,0.28619276830769697,50.18725565225886,0.24927086952176236,1.1806016184384684,0.2917419431083956,0.21979969306998853,0.2523062318776204,0.24986019515808502,0.1860794517311318,0.2367389110528399,0.192165394362245,0.2576179695999841,0.24023472153733552,0.1911302129356744,0.19265504530058822,0.24966020451680757,0.2505107181461108,0.2896028466284276,0.1890826656751152,0.23172678659414264,0.29105231834969375,0.17385942742857083,0.2069210384029499,0.049990218720936834,-0.15956729842411632
2019-04-30,0.2337642031589501,0.24190366838416424,46.48833132641303,0.23172678659414264,1.0348191259192907,0.27639757461344067,0.192165394362245,0.27654902363155937,0.2069210384029499,0.2917419431083956,0.1890826656751152,0.2819774362538316,0.19265504530058822,0.1860794517311318,0.283593273719193,0.2896028466284276,0.21979969306998853,0.17385942742857083,0.27499792716672294,0.28755008649318803,0.1911302129356744,0.27633080559970685,0.29105231834969375,0.2523062318776204,-0.1784008335502594,-0.20713527642359206
2019-05-06,0.2281731446765985,0.22123049146232368,44.06501542103812,0.19265504530058822,0.9695728731612346,0.285009644943374,0.29105231834969375,0.27639757461344067,0.1860794517311318,0.2819774362538316,0.2523062318776204,0.27633080559970685,0.1890826656751152,0.192165394362245,0.27499792716672294,0.28755008649318803,0.17385942742857083,0.1911302129356744,0.2782115451621614,0.27654902363155937,0.2896028466284276,0.28101648425211645,0.283593273719193,0.2917419431083956,-0.28500874924779657,-0.237887076789954
2019-05-21,0.22722780911808266,0.22428459181772165,49.17771595502264,0.283593273719193,0.9870472839051513,0.253595705432869,0.285009644943374,0.1711933038125044,0.27654902363155937,0.2056757134343549,0.2782115451621614,0.17032174737908118,0.27499792716672294,0.27639757461344067,0.1753438079871262,0.2757979681623285,0.2819774362538316,0.27633080559970685,0.20262661638241392,0.1736533169109646,0.28101648425211645,0.24796123961744648,0.2429780695560297,0.28201297637905354,-0.2692592940745035,-0.24308658784255077
2019-05-22,0.2256875230519767,0.21899379996022614,48.41794666441641,0.2819774362538316,0.9703407481227531,0.24807165965653888,0.28201297637905354,0.20262661638241392,0.27499792716672294,0.1736533169109646,0.28101648425211645,0.1711933038125044,0.27633080559970685,0.2782115451621614,0.17032174737908118,0.2429780695560297,0.27654902363155937,0.27639757461344067,0.24796123961744648,0.1753438079871262,0.285009644943374,0.253595705432869,0.2056757134343549,0.2757979681623285,-0.29654297158810355,-0.2515584308328349
2019-06-17,0.210656673121596,0.1833006125422903,55.96857581828885,0.253595705432869,0.8701391217570633,0.1489469730263849,0.18346335693121016,0.17667896290581664,0.2373146681127947,0.15810360739652457,0.19283991814785115,0.16043957218292068,0.22900394838579144,0.20160857198558585,0.15493235679817266,0.1786964730568508,0.24807165965653888,0.21040462055450115,0.18220987468601432,0.15119346084857,0.18603104996884737,0.1816014643648608,0.1784901874922481,0.1829085037254943,-0.48060642393575165,-0.33423073659655483
2019-06-18,0.20885875715520588,0.17883348841799024,59.03405430727145,0.24807165965653888,0.8562412745044564,0.14160582616404724,0.1829085037254943,0.18220987468601432,0.22900394838579144,0.15119346084857,0.18603104996884737,0.17667896290581664,0.21040462055450115,0.19283991814785115,0.16043957218292068,0.1784901874922481,0.2373146681127947,0.20160857198558585,0.1816014643648608,0.15493235679817266,0.18346335693121016,0.1489469730263849,0.15810360739652457,0.1786964730568508,-0.5036425926801256,-0.3441195891364533
2019-06-19,0.20686115438687314,0.1738438548694601,59.65676181719571,0.2373146681127947,0.8403890782913072,0.15610690893623616,0.1786964730568508,0.1816014643648608,0.21040462055450115,0.15493235679817266,0.18346335693121016,0.18220987468601432,0.20160857198558585,0.18603104996884737,0.17667896290581664,0.15810360739652457,0.22900394838579144,0.19283991814785115,0.1489469730263849,0.16043957218292068,0.1829085037254943,0.14160582616404724,0.15119346084857,0.1784901874922481,-0.529373250078086,-0.35510675404216235
2019-06-21,0.20784883179096258,0.17972965270673763,65.74515144729628,0.22900394838579144,0.8647133166834206,0.16901878963542663,0.1784901874922481,0.1489469730263849,0.20160857198558585,0.16043957218292068,0.1829085037254943,0.1816014643648608,0.19283991814785115,0.18346335693121016,0.18220987468601432,0.15119346084857,0.21040462055450115,0.18603104996884737,0.14160582616404724,0.17667896290581664,0.1786964730568508,0.15610690893623616,0.15493235679817266,0.15810360739652457,-0.4990212320006746,-0.34967435542698094
2019-06-24,0.2052234332566897,0.17236174216177919,65.32611514512453,0.21040462055450115,0.8398735925355673,0.19571486110479994,0.15810360739652457,0.14160582616404724,0.19283991814785115,0.17667896290581664,0.1786964730568508,0.1489469730263849,0.18603104996884737,0.1829085037254943,0.1816014643648608,0.15493235679817266,0.20160857198558585,0.18346335693121016,0.15610690893623616,0.18220987468601432,0.1784901874922481,0.16901878963542663,0.16043957218292068,0.15119346084857,-0.5370162430825994,-0.3641145069408569
2019-07-08,0.19663559370869738,0.16226096221850161,56.44497118274362,0.15493235679817266,0.8251861179257327,0.12531889549041514,0.16901878963542663,0.18034158417090398,0.17667896290581664,0.22419158648357398,0.14160582616404724,0.19449092753208375,0.18220987468601432,0.1489469730263849,0.21854499891676912,0.2163916714410887,0.16043957218292068,0.1816014643648608,0.16854230298225387,0.22341338169773098,0.15610690893623616,0.14210813976960363,0.21776067503042737,0.19571486110479994,-0.589104178127294,-0.41134912775403976
2019-07-10,0.19635512913190356,0.16371463383639484,60.636412516458336,0.16043957218292068,0.8337680536290848,0.12122302776110234,0.19571486110479994,0.16854230298225387,0.18220987468601432,0.22341338169773098,0.15610690893623616,0.18034158417090398,0.1816014643648608,0.14160582616404724,0.19449092753208375,0.21776067503042737,0.17667896290581664,0.1489469730263849,0.14210813976960363,0.21854499891676912,0.16901878963542663,0.12531889549041514,0.22419158648357398,0.2163916714410887,-0.5816078507907568,-0.4128917320216617
2019-07-11,0.1950199220801595,0.16127750117270231,63.6003355982096,0.17667896290581664,0.8269796206072323,0.1197704051926403,0.2163916714410887,0.14210813976960363,0.1816014643648608,0.21854499891676912,0.16901878963542663,0.16854230298225387,0.1489469730263849,0.15610690893623616,0.18034158417090398,0.22419158648357398,0.18220987468601432,0.14160582616404724,0.12531889549041514,0.19449092753208375,0.19571486110479994,0.12122302776110234,0.22341338169773098,0.21776067503042737,-0.5941757127375172,-0.42023560453392383
2019-07-16,0.19248821131941202,0.15983509596799864,54.55712177855874,0.1489469730263849,0.8303630381954701,0.1460828747184849,0.22341338169773098,0.1197704051926403,0.15610690893623616,0.16854230298225387,0.21776067503042737,0.12122302776110234,0.16901878963542663,0.2163916714410887,0.12531889549041514,0.19449092753208375,0.14160582616404724,0.19571486110479994,0.13432047649164983,0.14210813976960363,0.22419158648357398,0.1433537387771006,0.18034158417090398,0.21854499891676912,-0.6016139411745933,-0.43416045689338817
2019-07-17,0.19075911066413034,0.15599210186709364,52.580105953536766,0.14160582616404724,0.8177439144269707,0.1413678770644033,0.21854499891676912,0.13432047649164983,0.16901878963542663,0.14210813976960363,0.22419158648357398,0.1197704051926403,0.19571486110479994,0.21776067503042737,0.12122302776110234,0.18034158417090398,0.15610690893623616,0.2163916714410887,0.1433537387771006,0.12531889549041514,0.22341338169773098,0.1460828747184849,0.16854230298225387,0.19449092753208375,-0.6214315818151368,-0.4436708131760867
2019-07-18,0.18918239829940525,0.15284434405000663,50.35305760474079,0.15610690893623616,0.8079205329034416,0.1361872847966405,0.19449092753208375,0.1433537387771006,0.19571486110479994,0.12531889549041514,0.22341338169773098,0.13432047649164983,0.2163916714410887,0.22419158648357398,0.1197704051926403,0.16854230298225387,0.16901878963542663,0.21776067503042737,0.1460828747184849,0.12122302776110234,0.21854499891676912,0.1413678770644033,0.14210813976960363,0.18034158417090398,-0.6376640119476217,-0.4523430071851908
2019-07-19,0.1867536139511148,0.14676568953821206,49.42473909202857,0.16901878963542663,0.7858787117053054,0.13577027079434068,0.18034158417090398,0.1460828747184849,0.2163916714410887,0.12122302776110234,0.21854499891676912,0.1433537387771006,0.21776067503042737,0.22341338169773098,0.13432047649164983,0.14210813976960363,0.19571486110479994,0.22419158648357398,0.1413678770644033,0.1197704051926403,0.19449092753208375,0.1361872847966405,0.12531889549041514,0.16854230298225387,-0.6690105577735427,-0.46570174625889793
2019-07-22,0.18531592037422268,0.14448734993594745,50.13199070867558,0.19571486110479994,0.7796812580601442,0.1363246781125437,0.16854230298225387,0.1413678770644033,0.21776067503042737,0.1197704051926403,0.19449092753208375,0.1460828747184849,0.22419158648357398,0.21854499891676912,0.1433537387771006,0.12531889549041514,0.2163916714410887,0.22341338169773098,0.1361872847966405,0.13432047649164983,0.18034158417090398,0.13577027079434068,0.12122302776110234,0.14210813976960363,-0.6807595519976468,-0.4736093125997158
2019-07-23,0.18296446551112097,0.13900562331331814,50.57847228358788,0.2163916714410887,0.7597410946710256,0.13036686093041663,0.14210813976960363,0.1361872847966405,0.22419158648357398,0.13432047649164983,0.18034158417090398,0.1413678770644033,0.22341338169773098,0.19449092753208375,0.1460828747184849,0.12122302776110234,0.21776067503042737,0.21854499891676912,0.13577027079434068,0.1433537387771006,0.16854230298225387,0.1363246781125437,0.1197704051926403,0.12531889549041514,-0.709027846313109,-0.4865427259683773
2019-07-24,0.18130802294755827,0.13622967431472302,47.9578097105805,0.21776067503042737,0.7513714622221999,0.12358788572416025,0.12531889549041514,0.13577027079434068,0.22341338169773098,0.1433537387771006,0.16854230298225387,0.1361872847966405,0.21854499891676912,0.18034158417090398,0.1413678770644033,0.1197704051926403,0.22419158648357398,0.19449092753208375,0.1363246781125437,0.1460828747184849,0.14210813976960363,0.13036686093041663,0.13432047649164983,0.12122302776110234,-0.7233429241524634,-0.49565345002784017
2019-07-25,0.18174646448065018,0.14101541897811085,41.66662946117611,0.22419158648357398,0.775890850922848,0.12461508595808818,0.12122302776110234,0.1363246781125437,0.21854499891676912,0.1460828747184849,0.14210813976960363,0.13577027079434068,0.19449092753208375,0.16854230298225387,0.1361872847966405,0.13432047649164983,0.22341338169773098,0.18034158417090398,0.13036686093041663,0.1413678770644033,0.12531889549041514,0.12358788572416025,0.1433537387771006,0.1197704051926403,-0.6986636856612869,-0.4932419448467509
2019-07-29,0.18193747642665464,0.14712139433688046,37.874142412863904,0.21854499891676912,0.8086371055948456,0.16163536535049286,0.13432047649164983,0.12358788572416025,0.18034158417090398,0.1361872847966405,0.12122302776110234,0.13036686093041663,0.16854230298225387,0.12531889549041514,0.1363246781125437,0.1460828747184849,0.19449092753208375,0.14210813976960363,0.12461508595808818,0.13577027079434068,0.1197704051926403,0.13293932886277218,0.1413678770644033,0.1433537387771006,-0.6671762510613708,-0.49219134570713163
2019-07-30,0.18012484757409986,0.14313458286988287,36.48507278000306,0.19449092753208375,0.7946409659611237,0.1778767562857592,0.1433537387771006,0.12461508595808818,0.16854230298225387,0.13577027079434068,0.1197704051926403,0.12358788572416025,0.14210813976960363,0.12122302776110234,0.13036686093041663,0.1413678770644033,0.18034158417090398,0.12531889549041514,0.13293932886277218,0.1363246781125437,0.13432047649164983,0.16163536535049286,0.1361872847966405,0.1460828747184849,-0.687735532413364,-0.5021611216964229
2019-07-31,0.17934989498429169,0.14300905681372642,34.909287840528066,0.18034158417090398,0.797374633680448,0.19486904083944354,0.1460828747184849,0.13293932886277218,0.14210813976960363,0.1363246781125437,0.13432047649164983,0.12461508595808818,0.12531889549041514,0.1197704051926403,0.12358788572416025,0.1361872847966405,0.16854230298225387,0.12122302776110234,0.16163536535049286,0.13036686093041663,0.1433537387771006,0.1778767562857592,0.13577027079434068,0.1413678770644033,-0.6883828480757397,-0.5064234965956302
2019-08-01,0.1840099071665749,0.1622477316197782,37.97462634206241,0.16854230298225387,0.881733674659721,0.21047311898264287,0.1413678770644033,0.16163536535049286,0.12531889549041514,0.13036686093041663,0.1433537387771006,0.13293932886277218,0.12122302776110234,0.13432047649164983,0.12461508595808818,0.13577027079434068,0.14210813976960363,0.1197704051926403,0.1778767562857592,0.12358788572416025,0.1460828747184849,0.19486904083944354,0.1363246781125437,0.1361872847966405,-0.5891724059840315,-0.48079261385907307
2019-08-02,0.1840997508408845,0.16412304299565522,42.59821896506267,0.14210813976960363,0.8914897616428881,0.22280670608164788,0.1361872847966405,0.1778767562857592,0.12122302776110234,0.12358788572416025,0.1460828747184849,0.16163536535049286,0.1197704051926403,0.1433537387771006,0.13293932886277218,0.1363246781125437,0.12531889549041514,0.13432047649164983,0.19486904083944354,0.12461508595808818,0.1413678770644033,0.21047311898264287,0.13036686093041663,0.13577027079434068,-0.5795017570159517,-0.4802984579232568
2019-08-05,0.18630845768130197,0.17343818941466252,33.06270543395523,0.12531889549041514,0.9309195705508161,0.22886189056670406,0.13577027079434068,0.19486904083944354,0.1197704051926403,0.12461508595808818,0.1413678770644033,0.1778767562857592,0.13432047649164983,0.1460828747184849,0.16163536535049286,0.13036686093041663,0.12122302776110234,0.1433537387771006,0.21047311898264287,0.13293932886277218,0.1361872847966405,0.22280670608164788,0.12358788572416025,0.1363246781125437,-0.5314651950544179,-0.4681501836673653
2019-08-06,0.1865290378388108,0.17514528056766826,38.13622192449395,0.12122302776110234,0.938970589228151,0.2552520539168983,0.1363246781125437,0.21047311898264287,0.13432047649164983,0.13293932886277218,0.1361872847966405,0.19486904083944354,0.1433537387771006,0.1413678770644033,0.1778767562857592,0.12358788572416025,0.1197704051926403,0.1460828747184849,0.22280670608164788,0.16163536535049286,0.13577027079434068,0.22886189056670406,0.12461508595808818,0.13036686093041663,-0.5226620280126179,-0.4669369541885638
2019-08-08,0.18864070374870623,0.1839881910935763,45.79417664620301,0.13432047649164983,0.9753366449410215,0.27519524464390605,0.12358788572416025,0.22886189056670406,0.1460828747184849,0.1778767562857592,0.1363246781125437,0.22280670608164788,0.1413678770644033,0.13577027079434068,0.21047311898264287,0.13293932886277218,0.1433537387771006,0.1361872847966405,0.2552520539168983,0.19486904083944354,0.13036686093041663,0.26688379419764174,0.16163536535049286,0.12461508595808818,-0.47706070299948405,-0.4553224220375348
2019-08-09,0.18834341676092378,0.1832587741840054,45.08083004580967,0.1433537387771006,0.9730033432314089,0.25932139631459566,0.12461508595808818,0.2552520539168983,0.1413678770644033,0.19486904083944354,0.13036686093041663,0.22886189056670406,0.1361872847966405,0.1363246781125437,0.22280670608164788,0.16163536535049286,0.1460828747184849,0.13577027079434068,0.26688379419764174,0.21047311898264287,0.12358788572416025,0.27519524464390605,0.1778767562857592,0.13293932886277218,-0.4808221769470001,-0.45695755251035325
2019-08-12,0.18893566761296973,0.18573714455394943,39.16736671828368,0.1460828747184849,0.9830708351714066,0.23475479802425253,0.13293932886277218,0.26688379419764174,0.1361872847966405,0.21047311898264287,0.12358788572416025,0.2552520539168983,0.13577027079434068,0.13036686093041663,0.22886189056670406,0.1778767562857592,0.1413678770644033,0.1363246781125437,0.27519524464390605,0.22280670608164788,0.12461508595808818,0.25932139631459566,0.19486904083944354,0.16163536535049286,-0.46804165944525444,-0.45370006915073285
2019-08-14,0.1926866145955124,0.1992866216287442,36.358846115434176,0.1361872847966405,1.0342525454977063,0.21108196639137236,0.1778767562857592,0.25932139631459566,0.1363246781125437,0.22886189056670406,0.13293932886277218,0.27519524464390605,0.13036686093041663,0.12461508595808818,0.26688379419764174,0.21047311898264287,0.13577027079434068,0.12358788572416025,0.23475479802425253,0.2552520539168983,0.16163536535049286,0.22365434699730488,0.22280670608164788,0.19486904083944354,-0.398169403468507,-0.4330692041443908
2019-09-18,0.20233455635609204,0.20719863040755346,58.71248283618633,0.2468767895523375,1.024039759391871,0.34879843769123425,0.22218176184338123,0.335717592369241,0.24064706701918873,0.2517999776666972,0.23720992920711734,0.3248186247609233,0.24891985258123236,0.2448326527278329,0.30637075835275035,0.2354907332197908,0.23243095655738585,0.24825224673792126,0.33072585514836816,0.2799410695035767,0.22253626852355635,0.3501741717332561,0.2413761591104889,0.22111539878668163,-0.3573685740614719,-0.38000383559134315
2019-09-19,0.20202824057850502,0.2057572116267812,59.26415803794691,0.23243095655738585,1.0184576722422485,0.3561521969961372,0.22111539878668163,0.33072585514836816,0.24891985258123236,0.2799410695035767,0.22253626852355635,0.335717592369241,0.24825224673792126,0.23720992920711734,0.3248186247609233,0.2413761591104889,0.24064706701918873,0.2448326527278329,0.3501741717332561,0.30637075835275035,0.22218176184338123,0.34879843769123425,0.2517999776666972,0.2354907332197908,-0.36480171568486075,-0.38168862598857417
2019-09-20,0.2005405945011611,0.2001778348471046,55.93036544908785,0.24064706701918873,0.998191091160576,0.35989968880462425,0.2354907332197908,0.3501741717332561,0.24825224673792126,0.30637075835275035,0.22218176184338123,0.33072585514836816,0.2448326527278329,0.22253626852355635,0.335717592369241,0.2517999776666972,0.24891985258123236,0.23720992920711734,0.34879843769123425,0.3248186247609233,0.22111539878668163,0.3561521969961372,0.2799410695035767,0.2413761591104889,-0.3935735745830529,-0.3898709398260499
2019-09-23,0.19991387848804001,0.1979654747755333,59.94643920382486,0.24891985258123236,0.9902537846434545,0.33840183111078986,0.2413761591104889,0.34879843769123425,0.2448326527278329,0.3248186247609233,0.22111539878668163,0.3501741717332561,0.23720992920711734,0.22218176184338123,0.33072585514836816,0.2799410695035767,0.24825224673792126,0.22253626852355635,0.3561521969961372,0.335717592369241,0.2354907332197908,0.35989968880462425,0.30637075835275035,0.2517999776666972,-0.4049823240410763,-0.3933179876047016
2019-09-24,0.1982310442935004,0.19209452434592805,57.47852664337787,0.24825224673792126,0.9690435977399855,0.30431394370454856,0.2517999776666972,0.3561521969961372,0.23720992920711734,0.335717592369241,0.2354907332197908,0.34879843769123425,0.22253626852355635,0.22111539878668163,0.3501741717332561,0.30637075835275035,0.2448326527278329,0.22218176184338123,0.35989968880462425,0.33072585514836816,0.2413761591104889,0.33840183111078986,0.3248186247609233,0.2799410695035767,-0.43525777666406157,-0.402573870254386
2019-09-25,0.1976505203498534,0.19045954740058657,58.097824527718636,0.2448326527278329,0.9636177383366441,0.2688831352974161,0.2799410695035767,0.35989968880462425,0.22253626852355635,0.33072585514836816,0.2413761591104889,0.3561521969961372,0.22218176184338123,0.2354907332197908,0.34879843769123425,0.3248186247609233,0.23720992920711734,0.22111539878668163,0.33840183111078986,0.3501741717332561,0.2517999776666972,0.30431394370454856,0.335717592369241,0.30637075835275035,-0.44368906349604514,-0.40576685356501985
2019-09-26,0.19648791388977277,0.18682102239667486,61.225355941992945,0.23720992920711734,0.9508015974024697,0.23172401251069039,0.30637075835275035,0.33840183111078986,0.22218176184338123,0.3501741717332561,0.2517999776666972,0.35989968880462425,0.22111539878668163,0.2413761591104889,0.3561521969961372,0.335717592369241,0.22253626852355635,0.2354907332197908,0.30431394370454856,0.34879843769123425,0.2799410695035767,0.2688831352974161,0.33072585514836816,0.3248186247609233,-0.4624522931799454,-0.41216139260944146
2019-09-27,0.19511107388125037,0.182594228901459,60.68341242775294,0.22253626852355635,0.935847593215496,0.22191731657087022,0.3248186247609233,0.30431394370454856,0.22111539878668163,0.34879843769123425,0.2799410695035767,0.33840183111078986,0.2354907332197908,0.2517999776666972,0.35989968880462425,0.33072585514836816,0.22218176184338123,0.2413761591104889,0.2688831352974161,0.3561521969961372,0.30637075835275035,0.23172401251069039,0.3501741717332561,0.335717592369241,-0.4842491193916351,-0.4197342536718234
2019-09-30,0.19275251649770053,0.1750648700301946,59.13307016072333,0.22218176184338123,0.908236495227719,0.2056571428842808,0.335717592369241,0.2688831352974161,0.2354907332197908,0.3561521969961372,0.30637075835275035,0.30431394370454856,0.2413761591104889,0.2799410695035767,0.33840183111078986,0.3501741717332561,0.22111539878668163,0.2517999776666972,0.23172401251069039,0.35989968880462425,0.3248186247609233,0.22191731657087022,0.34879843769123425,0.33072585514836816,-0.5230766909273985,-0.4327067321462441
2019-10-31,0.19009394190445122,0.19096342380207826,74.27507776436117,0.11819392297863178,1.0045739590063532,0.36561695502148933,0.1486919657450402,0.2634149018172176,0.13670700050140497,0.16883818726591238,0.16316357966097642,0.23185667359900614,0.1572882174545844,0.16362744248907882,0.22339273757092773,0.16263280739782549,0.1184737982638838,0.1616977056308368,0.3001507686148151,0.19248311557447373,0.15026214182580971,0.33617290282862516,0.16518792643796257,0.15889958289088607,-0.44109066204399483,-0.4473293577919515
2019-11-01,0.19454450976826784,0.20679620318016423,74.49632987941592,0.1184737982638838,1.0629763000070782,0.3946843826612274,0.15889958289088607,0.3001507686148151,0.1572882174545844,0.19248311557447373,0.15026214182580971,0.2634149018172176,0.1616977056308368,0.16316357966097642,0.23185667359900614,0.16518792643796257,0.13670700050140497,0.16362744248907882,0.33617290282862516,0.22339273757092773,0.1486919657450402,0.36561695502148933,0.16883818726591238,0.16263280739782549,-0.35944382007199577,-0.42285045547013755
2019-11-07,0.2165094733721458,0.2774183033294405,71.14316782240701,0.16362744248907882,1.281321777789381,0.35893838405103407,0.19248311557447373,0.41130872770704907,0.15026214182580971,0.3001507686148151,0.16518792643796257,0.3946843826612274,0.1486919657450402,0.16263280739782549,0.36561695502148933,0.23185667359900614,0.16316357966097642,0.15889958289088607,0.4094502449906125,0.33617290282862516,0.16883818726591238,0.38113850168452407,0.2634149018172176,0.22339273757092773,0.004741855287027125,-0.30203931068727
2019-11-08,0.2179381302416736,0.2781700185808045,60.47377159186939,0.16316357966097642,1.2763715017300514,0.35710591989256985,0.22339273757092773,0.4094502449906125,0.1486919657450402,0.33617290282862516,0.16883818726591238,0.41130872770704907,0.15889958289088607,0.16518792643796257,0.3946843826612274,0.2634149018172176,0.15026214182580971,0.16263280739782549,0.38113850168452407,0.36561695502148933,0.19248311557447373,0.35893838405103407,0.3001507686148151,0.23185667359900614,0.008618317837942514,-0.2941814478188294
2019-11-11,0.21749779615307532,0.27229511909730125,63.364927271756635,0.15026214182580971,1.2519442675440238,0.34295324773556385,0.23185667359900614,0.38113850168452407,0.15889958289088607,0.36561695502148933,0.19248311557447373,0.4094502449906125,0.16263280739782549,0.16883818726591238,0.41130872770704907,0.3001507686148151,0.1486919657450402,0.16518792643796257,0.35893838405103407,0.3946843826612274,0.22339273757092773,0.35710591989256985,0.33617290282862516,0.2634149018172176,-0.021677499357291706,-0.2966033623864951
2019-11-12,0.2167337136694042,0.26565215858817387,60.79674747644523,0.1486919657450402,1.2257075933898667,0.33021096680918377,0.2634149018172176,0.35893838405103407,0.16263280739782549,0.3946843826612274,0.22339273757092773,0.38113850168452407,0.16518792643796257,0.19248311557447373,0.4094502449906125,0.33617290282862516,0.15889958289088607,0.16883818726591238,0.35710591989256985,0.41130872770704907,0.23185667359900614,0.34295324773556385,0.36561695502148933,0.3001507686148151,-0.05593407136925653,-0.3008059497991393
2019-11-13,0.2155067850235239,0.25777609593011785,59.437584264618934,0.15889958289088607,1.1961391187844967,0.31481275439688694,0.3001507686148151,0.35710591989256985,0.16518792643796257,0.41130872770704907,0.23185667359900614,0.35893838405103407,0.16883818726591238,0.22339273757092773,0.38113850168452407,0.36561695502148933,0.16263280739782549,0.19248311557447373,0.34295324773556385,0.4094502449906125,0.2634149018172176,0.33021096680918377,0.3946843826612274,0.33617290282862516,-0.09654953299148507,-0.30755427212504205
2019-11-14,0.21615710337070115,0.2570794249624227,53.05177631638857,0.16263280739782549,1.1893174961802728,0.3009656918705636,0.33617290282862516,0.34295324773556385,0.16883818726591238,0.4094502449906125,0.2634149018172176,0.35710591989256985,0.19248311557447373,0.23185667359900614,0.35893838405103407,0.3946843826612274,0.16518792643796257,0.22339273757092773,0.33021096680918377,0.38113850168452407,0.3001507686148151,0.31481275439688694,0.41130872770704907,0.36561695502148933,-0.10014214191046077,-0.3039774073774986
2019-11-18,0.21649559693123915,0.2553653075649355,50.89267999094262,0.16518792643796257,1.1795404210739753,0.2724465967297296,0.36561695502148933,0.33021096680918377,0.19248311557447373,0.38113850168452407,0.3001507686148151,0.34295324773556385,0.22339273757092773,0.2634149018172176,0.35710591989256985,0.41130872770704907,0.16883818726591238,0.23185667359900614,0.31481275439688694,0.35893838405103407,0.33617290282862516,0.3009656918705636,0.4094502449906125,0.3946843826612274,-0.10898154205190407,-0.30211563354132415
2019-12-06,0.2111945680518161,0.21527708205117022,60.87898019263098,0.35893838405103407,1.0193305823961933,0.14577278472542632,0.20243579509648693,0.1471696611043619,0.34295324773556385,0.1388148654288669,0.2724465967297296,0.14537240930105522,0.33021096680918377,0.3009656918705636,0.14031282961586586,0.1779812298786354,0.35710591989256985,0.31481275439688694,0.14780188063664043,0.13978100145861663,0.23615255955191938,0.1424115046876937,0.14160494150990657,0.18636507470159136,-0.3157094282492254,-0.3312722203219675
2019-12-12,0.2064438894405211,0.1989344348144637,65.40218825057946,0.31481275439688694,0.9636247183367422,0.1544078074074401,0.1388148654288669,0.15408118167210536,0.2724465967297296,0.1471696611043619,0.1779812298786354,0.14577278472542632,0.23615255955191938,0.18636507470159136,0.1424115046876937,0.14031282961586586,0.3009656918705636,0.20243579509648693,0.1412502991684819,0.14780188063664043,0.14160494150990657,0.15125957565056558,0.14537240930105522,0.13978100145861663,-0.39998556855762457,-0.3574017842892259
2019-12-26,0.20337382508999194,0.19035215601592018,59.75237552515906,0.1388148654288669,0.935971755124782,0.1783696724277792,0.15408118167210536,0.16420032002295684,0.14031282961586586,0.1765646734305958,0.1424115046876937,0.17059891685271786,0.14537240930105522,0.14780188063664043,0.17605345176610948,0.15125957565056558,0.13978100145861663,0.1471696611043619,0.17221631250802524,0.17707607546563098,0.14577278472542632,0.17405181356806676,0.1544078074074401,0.1412502991684819,-0.44424286186609935,-0.3742876756311545
2019-12-27,0.20312361606963036,0.19038867159134826,60.01427867999108,0.13978100145861663,0.9373044615653328,0.18209232343699155,0.1412502991684819,0.17221631250802524,0.14537240930105522,0.17707607546563098,0.14577278472542632,0.16420032002295684,0.1471696611043619,0.1424115046876937,0.17059891685271786,0.1544078074074401,0.14031282961586586,0.14780188063664043,0.17405181356806676,0.17605345176610948,0.15408118167210536,0.1783696724277792,0.1765646734305958,0.15125957565056558,-0.4440545575042878,-0.37566386904217136
2019-12-30,0.20245427112484965,0.18890779282272296,55.84860702784716,0.14031282961586586,0.9330887008366802,0.18563203781918147,0.15125957565056558,0.17405181356806676,0.1471696611043619,0.17605345176610948,0.15408118167210536,0.17221631250802524,0.14780188063664043,0.14577278472542632,0.16420032002295684,0.1765646734305958,0.14537240930105522,0.1424115046876937,0.1783696724277792,0.17059891685271786,0.1412502991684819,0.18209232343699155,0.17707607546563098,0.1544078074074401,-0.45169118730341123,-0.37934538340713514
2020-01-02,0.2015559730558683,0.18666719102651297,60.37830459828227,0.14537240930105522,0.9261307824143302,0.1841809162758733,0.1544078074074401,0.1783696724277792,0.14780188063664043,0.17059891685271786,0.1412502991684819,0.17405181356806676,0.1424115046876937,0.15408118167210536,0.17221631250802524,0.17707607546563098,0.1471696611043619,0.14577278472542632,0.18209232343699155,0.16420032002295684,0.15125957565056558,0.18563203781918147,0.17605345176610948,0.1765646734305958,-0.46324557433861097,-0.3842861800333911
2020-01-03,0.2023115847788194,0.19042928875343496,57.332801913721426,0.1471696611043619,0.9412673474019051,0.18134010531229805,0.1765646734305958,0.18209232343699155,0.1424115046876937,0.16420032002295684,0.15125957565056558,0.1783696724277792,0.14577278472542632,0.1412502991684819,0.17405181356806676,0.17605345176610948,0.14780188063664043,0.15408118167210536,0.18563203781918147,0.17221631250802524,0.1544078074074401,0.1841809162758733,0.17059891685271786,0.17707607546563098,-0.4438451019857682,-0.3801301832875118
2020-01-06,0.2042639214449202,0.19825065513417964,60.42808260264851,0.14780188063664043,0.9705612901769242,0.16587751043162002,0.17707607546563098,0.18563203781918147,0.14577278472542632,0.17221631250802524,0.1544078074074401,0.18209232343699155,0.15408118167210536,0.15125957565056558,0.1783696724277792,0.17059891685271786,0.1424115046876937,0.1412502991684819,0.1841809162758733,0.17405181356806676,0.1765646734305958,0.18134010531229805,0.16420032002295684,0.17605345176610948,-0.4035116993882663,-0.36939198986789856
2020-01-07,0.20266289865962292,0.19296223563745651,58.89445139355708,0.1424115046876937,0.9521339964723444,0.14681608383498024,0.17605345176610948,0.1841809162758733,0.15408118167210536,0.17405181356806676,0.1765646734305958,0.18563203781918147,0.1412502991684819,0.1544078074074401,0.18209232343699155,0.16420032002295684,0.14577278472542632,0.15125957565056558,0.18134010531229805,0.1783696724277792,0.17707607546563098,0.16587751043162002,0.17221631250802524,0.17059891685271786,-0.430783143057103,-0.37819789544568294
2020-01-08,0.20182100134452027,0.1906483640136733,56.45142659809836,0.14577278472542632,0.9446408586994639,0.14234071884732177,0.17059891685271786,0.18134010531229805,0.1412502991684819,0.1783696724277792,0.17707607546563098,0.1841809162758733,0.15125957565056558,0.1765646734305958,0.18563203781918147,0.17221631250802524,0.15408118167210536,0.1544078074074401,0.16587751043162002,0.18209232343699155,0.17605345176610948,0.14681608383498024,0.17405181356806676,0.16420032002295684,-0.44271536962952684,-0.3828284780526678
2020-01-09,0.20002647622757166,0.1850373912624888,55.15451954295197,0.15408118167210536,0.9250644952219742,0.14077365139710313,0.16420032002295684,0.16587751043162002,0.15125957565056558,0.18209232343699155,0.17605345176610948,0.18134010531229805,0.1544078074074401,0.17707607546563098,0.1841809162758733,0.17405181356806676,0.1412502991684819,0.1765646734305958,0.14681608383498024,0.18563203781918147,0.17059891685271786,0.14234071884732177,0.1783696724277792,0.17221631250802524,-0.4716501633625357,-0.3926986803270706
2020-01-10,0.19790429542657212,0.1785288230421392,53.43604273465531,0.1412502991684819,0.9020967567041932,0.1409560160727229,0.17221631250802524,0.14681608383498024,0.1544078074074401,0.18563203781918147,0.17059891685271786,0.16587751043162002,0.1765646734305958,0.17605345176610948,0.18134010531229805,0.1783696724277792,0.15125957565056558,0.17707607546563098,0.14234071884732177,0.1841809162758733,0.16420032002295684,0.14077365139710313,0.18209232343699155,0.17405181356806676,-0.5052136981191918,-0.40437104621980136
2020-01-13,0.19527923250310736,0.17053756062865308,54.14613587243536,0.15125957565056558,0.8733010594249413,0.13857211899662097,0.17405181356806676,0.14234071884732177,0.1765646734305958,0.1841809162758733,0.16420032002295684,0.14681608383498024,0.17707607546563098,0.17059891685271786,0.16587751043162002,0.18209232343699155,0.1544078074074401,0.17605345176610948,0.14077365139710313,0.18134010531229805,0.17221631250802524,0.1409560160727229,0.18563203781918147,0.1783696724277792,-0.5464232244979744,-0.4188093518154841
2020-01-14,0.194766726235793,0.17047444337927717,49.66028529668332,0.1544078074074401,0.8752749849730157,0.13833732759479328,0.1783696724277792,0.14077365139710313,0.17707607546563098,0.18134010531229805,0.17221631250802524,0.14234071884732177,0.17605345176610948,0.16420032002295684,0.14681608383498024,0.18563203781918147,0.1765646734305958,0.17059891685271786,0.1409560160727229,0.16587751043162002,0.17405181356806676,0.13857211899662097,0.1841809162758733,0.18209232343699155,-0.5467487089857224,-0.4216282259998106
2020-01-15,0.19365858527158786,0.16825196013972415,44.27367807877631,0.1765646734305958,0.8688071324272388,0.13822493616705556,0.18209232343699155,0.1409560160727229,0.17605345176610948,0.16587751043162002,0.17405181356806676,0.14077365139710313,0.17059891685271786,0.17221631250802524,0.14234071884732177,0.1841809162758733,0.17707607546563098,0.16420032002295684,0.13857211899662097,0.14681608383498024,0.1783696724277792,0.13833732759479328,0.18134010531229805,0.18563203781918147,-0.5582096618299436,-0.4277231952827452
2020-01-16,0.19202730880136748,0.16424073168407016,43.93149578588847,0.17707607546563098,0.8552988255121584,0.1428219017751333,0.18563203781918147,0.13857211899662097,0.17059891685271786,0.14681608383498024,0.1783696724277792,0.1409560160727229,0.16420032002295684,0.17405181356806676,0.14077365139710313,0.18134010531229805,0.17605345176610948,0.17221631250802524,0.13833732759479328,0.14234071884732177,0.18209232343699155,0.13822493616705556,0.16587751043162002,0.1841809162758733,-0.5788948572723599,-0.4366955014235068
2020-01-17,0.19018627434409008,0.1596503641307436,48.63353383443458,0.17605345176610948,0.8394420926606928,0.14386718599423465,0.1841809162758733,0.13833732759479328,0.16420032002295684,0.14234071884732177,0.18209232343699155,0.13857211899662097,0.17221631250802524,0.1783696724277792,0.1409560160727229,0.16587751043162002,0.17059891685271786,0.17405181356806676,0.13822493616705556,0.14077365139710313,0.18563203781918147,0.1428219017751333,0.14681608383498024,0.18134010531229805,-0.6025665705748637,-0.4468215132111667
2020-01-20,0.18910917701513938,0.1579847243997302,50.65913969688074,0.17059891685271786,0.8354154298238129,0.12093287447582657,0.18134010531229805,0.13822493616705556,0.17221631250802524,0.14077365139710313,0.18563203781918147,0.13833732759479328,0.17405181356806676,0.18209232343699155,0.13857211899662097,0.14681608383498024,0.16420032002295684,0.1783696724277792,0.1428219017751333,0.1409560160727229,0.1841809162758733,0.14386718599423465,0.14234071884732177,0.16587751043162002,-0.6111559799674157,-0.4527457370660211
2020-01-21,0.18805365765868187,0.1564381875991969,45.73847875903171,0.16420032002295684,0.8318805895449948,0.10947890931824207,0.16587751043162002,0.1428219017751333,0.17405181356806676,0.1409560160727229,0.1841809162758733,0.13822493616705556,0.1783696724277792,0.18563203781918147,0.13833732759479328,0.14234071884732177,0.17221631250802524,0.18209232343699155,0.14386718599423465,0.13857211899662097,0.18134010531229805,0.12093287447582657,0.14077365139710313,0.14681608383498024,-0.6191311966202664,-0.45855127829494413
2020-01-22,0.18756452558557182,0.1569495351994814,41.929567763402616,0.17221631250802524,0.8367762225265616,0.1168052375369311,0.14681608383498024,0.14386718599423465,0.1783696724277792,0.13857211899662097,0.18134010531229805,0.1428219017751333,0.18209232343699155,0.1841809162758733,0.13822493616705556,0.14077365139710313,0.17405181356806676,0.18563203781918147,0.12093287447582657,0.13833732759479328,0.16587751043162002,0.10947890931824207,0.1409560160727229,0.14234071884732177,-0.6164942675179146,-0.4612415903194999
2020-01-23,0.18950885207047755,0.16608034338743685,47.10463704284455,0.17405181356806676,0.8763724837807169,0.1320881815975858,0.14234071884732177,0.12093287447582657,0.18209232343699155,0.13833732759479328,0.16587751043162002,0.14386718599423465,0.18563203781918147,0.18134010531229805,0.1428219017751333,0.1409560160727229,0.1783696724277792,0.1841809162758733,0.10947890931824207,0.13822493616705556,0.14681608383498024,0.1168052375369311,0.13857211899662097,0.14077365139710313,-0.5694083051991018,-0.4505474542986399
2020-01-24,0.1895965468499473,0.16806700393433185,43.084610245395304,0.1783696724277792,0.8864454903144696,0.13494903180924966,0.14077365139710313,0.10947890931824207,0.18563203781918147,0.13822493616705556,0.14681608383498024,0.12093287447582657,0.1841809162758733,0.16587751043162002,0.14386718599423465,0.13857211899662097,0.18209232343699155,0.18134010531229805,0.1168052375369311,0.1428219017751333,0.14234071884732177,0.1320881815975858,0.13833732759479328,0.1409560160727229,-0.5591634482570005,-0.4500651176606064
2020-02-13,0.2020935188257442,0.20905603088673144,53.96491852522411,0.14386718599423465,1.0344519314693643,0.1805775463569397,0.21166042213411834,0.19614875456327877,0.10947890931824207,0.23553131154754567,0.1466105043076558,0.20868468002404192,0.1168052375369311,0.13494903180924966,0.22283377117050696,0.22070779952734312,0.12093287447582657,0.1320881815975858,0.1780063035740683,0.22690210534034164,0.2003675884271169,0.16875545041658996,0.23107954536098035,0.2219944937530131,-0.34779028841870857,-0.3813295842018174
2020-02-14,0.20180832220010558,0.20754014921938016,50.890805645386926,0.12093287447582657,1.028402332256601,0.1832199516042494,0.2219944937530131,0.1780063035740683,0.1168052375369311,0.22690210534034164,0.2003675884271169,0.19614875456327877,0.1320881815975858,0.1466105043076558,0.20868468002404192,0.23107954536098035,0.10947890931824207,0.13494903180924966,0.16875545041658996,0.22283377117050696,0.21166042213411834,0.1805775463569397,0.23553131154754567,0.22070779952734312,-0.35560742197352746,-0.3828982155664298
2020-02-20,0.20519445060189212,0.2183140977268461,54.150250746636345,0.13494903180924966,1.063937631288129,0.1958768931415142,0.22690210534034164,0.17724704133978625,0.2003675884271169,0.1780063035740683,0.23107954536098035,0.1832199516042494,0.21166042213411834,0.22070779952734312,0.1805775463569397,0.20868468002404192,0.1466105043076558,0.2219944937530131,0.16663825046453995,0.16875545041658996,0.23553131154754567,0.1689131137541934,0.19614875456327877,0.22283377117050696,-0.30004807574648057,-0.3642739166156503
2020-02-21,0.20648322347650688,0.2219797403415449,47.165863668951765,0.1466105043076558,1.0750497624171447,0.20005880508044666,0.22283377117050696,0.16663825046453995,0.21166042213411834,0.16875545041658996,0.23553131154754567,0.17724704133978625,0.2219944937530131,0.23107954536098035,0.1832199516042494,0.19614875456327877,0.2003675884271169,0.22070779952734312,0.1689131137541934,0.1805775463569397,0.22690210534034164,0.1958768931415142,0.1780063035740683,0.20868468002404192,-0.28114500534164805,-0.3571854402058907
2020-02-26,0.22119749464799965,0.27342381474937355,30.993988736259027,0.2003675884271169,1.2361071954475964,0.1997997837885804,0.20868468002404192,0.1689131137541934,0.2219944937530131,0.1805775463569397,0.22690210534034164,0.16663825046453995,0.22070779952734312,0.23553131154754567,0.17724704133978625,0.1780063035740683,0.21166042213411834,0.23107954536098035,0.1958768931415142,0.1832199516042494,0.22283377117050696,0.20005880508044666,0.16875545041658996,0.19614875456327877,-0.015857015578759456,-0.27625437303308925
2020-02-27,0.22671057958939614,0.28938295238997724,27.80523826791692,0.21166042213411834,1.2764422062441432,0.2734909080190659,0.19614875456327877,0.1958768931415142,0.22070779952734312,0.1832199516042494,0.22283377117050696,0.1689131137541934,0.23107954536098035,0.22690210534034164,0.16663825046453995,0.16875545041658996,0.2219944937530131,0.23553131154754567,0.20005880508044666,0.17724704133978625,0.20868468002404192,0.1997997837885804,0.1805775463569397,0.1780063035740683,0.06644143359657877,-0.2459314407912299
2020-02-28,0.2278719728575824,0.2890541874334581,28.155149556575495,0.2219944937530131,1.2684938117164324,0.3738167169387474,0.1780063035740683,0.20005880508044666,0.23107954536098035,0.17724704133978625,0.20868468002404192,0.1958768931415142,0.23553131154754567,0.22283377117050696,0.1689131137541934,0.1805775463569397,0.22070779952734312,0.22690210534034164,0.1997997837885804,0.16663825046453995,0.19614875456327877,0.2734909080190659,0.1832199516042494,0.16875545041658996,0.06474605088392626,-0.2395435745145962
2020-03-03,0.23764253911766597,0.3147887878059016,35.72571282178458,0.23107954536098035,1.3246314779107689,0.4675873424489784,0.1805775463569397,0.2734909080190659,0.22690210534034164,0.1689131137541934,0.1780063035740683,0.1997997837885804,0.22283377117050696,0.19614875456327877,0.20005880508044666,0.17724704133978625,0.23553131154754567,0.20868468002404192,0.3738167169387474,0.1958768931415142,0.16875545041658996,0.4442939095628435,0.16663825046453995,0.1832199516042494,0.19745483180268417,-0.1858037497488881
2020-04-08,0.3818440455941801,0.4853717776735138,51.542406702790394,1.4103283089669367,1.2711256945705052,0.4622641678080338,1.9818451694074617,0.7838235036346298,1.7429541148386487,1.6729422097840339,2.058122370539168,1.0809760283338135,1.8618365426009538,2.0368724167262213,1.3555607996568828,1.820560625654257,1.6553782417506115,1.946645361923836,0.5039001496256156,1.5295804258050962,2.028133705742723,0.4985013814787994,1.752706533051374,1.8871804464521271,1.0771211294401717,0.6073297783105904
2020-04-09,0.3874767325698737,0.49809367886675265,49.49663785867669,1.6553782417506115,1.2854802288726623,0.5020832094285061,1.8871804464521271,0.5039001496256156,1.8618365426009538,1.5295804258050962,2.028133705742723,0.7838235036346298,1.946645361923836,2.058122370539168,1.0809760283338135,1.752706533051374,1.7429541148386487,2.0368724167262213,0.4985013814787994,1.3555607996568828,1.9818451694074617,0.4622641678080338,1.6729422097840339,1.820560625654257,1.1427257230180636,0.6383105426773908
2020-06-09,0.3188279400818532,0.27240116193349445,66.00873774528,0.25907474058755997,0.8543829686430884,0.47243830129026504,0.25892647673871594,0.381860620438192,0.2594716676306931,0.27367956214784533,0.24730750583792496,0.3586970461173539,0.25318463218088205,0.24366520128946692,0.3134382159020215,0.23920044165240548,0.26068193527841665,0.24453562394490236,0.39570487326953957,0.30160987679512946,0.25919909680431136,0.43542870219995145,0.2561367390489104,0.242974894804338,-0.02113065521311622,0.26073016703884294
2020-07-14,0.2877956808665931,0.23198557213327575,61.796263743757855,0.34654718763923836,0.8060773234495207,0.15810711366641184,0.16774222989250806,0.16966963782901395,0.3176025630256496,0.1447068071594723,0.21322702227251256,0.1510015257385457,0.3003495588894662,0.23588045152432677,0.15919599496090095,0.13690534131664267,0.32621403781986874,0.25609070327979966,0.17402757694276988,0.14884754163743216,0.19506090130451623,0.17018101743048805,0.13831732368279218,0.15495746906448707,-0.2295467011153807,0.09004730916548097
2020-07-15,0.285554081201391,0.22796629538136237,64.57219960876861,0.32621403781986874,0.798329669890398,0.17366778320122797,0.15495746906448707,0.17402757694276988,0.3003495588894662,0.14884754163743216,0.19506090130451623,0.16966963782901395,0.25609070327979966,0.21322702227251256,0.1510015257385457,0.13831732368279218,0.3176025630256496,0.23588045152432677,0.17018101743048805,0.15919599496090095,0.16774222989250806,0.15810711366641184,0.1447068071594723,0.13690534131664267,-0.25027340019762817,0.07771811861539302
2020-07-17,0.28184190865851066,0.22277793815528618,58.30329562495441,0.3003495588894662,0.7904358128131029,0.20489839797733286,0.13831732368279218,0.15810711366641184,0.23588045152432677,0.1510015257385457,0.15495746906448707,0.17018101743048805,0.21322702227251256,0.16774222989250806,0.17402757694276988,0.14884754163743216,0.25609070327979966,0.19506090130451623,0.17366778320122797,0.16966963782901395,0.13690534131664267,0.1991946641951863,0.15919599496090095,0.1447068071594723,-0.27702884044067494,0.05730051981465017
2020-07-20,0.2785681407311021,0.2153047648790573,58.30329562495441,0.25609070327979966,0.7728980216976354,0.20781944424133955,0.1447068071594723,0.17366778320122797,0.21322702227251256,0.16966963782901395,0.13690534131664267,0.15810711366641184,0.19506090130451623,0.15495746906448707,0.17018101743048805,0.15919599496090095,0.23588045152432677,0.16774222989250806,0.1991946641951863,0.17402757694276988,0.13831732368279218,0.20489839797733286,0.1510015257385457,0.14884754163743216,-0.31556667280371187,0.03929422314162321
2020-07-21,0.2782076164426484,0.2185359906954402,62.95615232819253,0.23588045152432677,0.7855140469904809,0.1976579087430653,0.14884754163743216,0.1991946641951863,0.19506090130451623,0.17402757694276988,0.13831732368279218,0.17366778320122797,0.16774222989250806,0.13690534131664267,0.15810711366641184,0.1510015257385457,0.21322702227251256,0.15495746906448707,0.20489839797733286,0.17018101743048805,0.1447068071594723,0.20781944424133955,0.16966963782901395,0.15919599496090095,-0.2989038129667835,0.03731127644543893
2020-08-05,0.26900174411843936,0.23218348584139248,57.11352764064895,0.16966963782901395,0.8631300388118075,0.14019241195420235,0.1976579087430653,0.11942396150873842,0.17018101743048805,0.15789072351438202,0.20489839797733286,0.12709538545633317,0.15810711366641184,0.1991946641951863,0.13784660603805668,0.19985888798635354,0.17402757694276988,0.17366778320122797,0.11364950225362866,0.15434803403994507,0.20781944424133955,0.12930177695163486,0.1910526079747079,0.21142848671468767,-0.2285260951393343,-0.013322632823423096
2020-08-06,0.26677253932844497,0.22685191575405875,57.40488532373276,0.17402757694276988,0.8503570732022131,0.14437552677718934,0.21142848671468767,0.11364950225362866,0.15810711366641184,0.15434803403994507,0.20781944424133955,0.11942396150873842,0.17366778320122797,0.20489839797733286,0.12709538545633317,0.1910526079747079,0.17018101743048805,0.1991946641951863,0.12930177695163486,0.13784660603805668,0.1976579087430653,0.14019241195420235,0.15789072351438202,0.19985888798635354,-0.256020058769351,-0.025583649390148757
2020-08-07,0.26549680314518415,0.22514718821201196,53.21898807781658,0.17018101743048805,0.8480222192690304,0.1428122782864724,0.19985888798635354,0.12930177695163486,0.17366778320122797,0.13784660603805668,0.1976579087430653,0.11364950225362866,0.1991946641951863,0.20781944424133955,0.11942396150873842,0.15789072351438202,0.15810711366641184,0.20489839797733286,0.14019241195420235,0.12709538545633317,0.21142848671468767,0.14437552677718934,0.15434803403994507,0.1910526079747079,-0.2648110370876275,-0.03260042171539201
2020-08-10,0.2650948951575525,0.22659391789426847,58.25107249138233,0.15810711366641184,0.8547653011560182,0.1417932629768226,0.1910526079747079,0.14019241195420235,0.1991946641951863,0.12709538545633317,0.21142848671468767,0.12930177695163486,0.20489839797733286,0.1976579087430653,0.11364950225362866,0.15434803403994507,0.17366778320122797,0.20781944424133955,0.14437552677718934,0.11942396150873842,0.19985888798635354,0.1428122782864724,0.13784660603805668,0.15789072351438202,-0.2573505080849378,-0.03481098600126146
2020-08-11,0.26476160747111943,0.22815367453295618,54.69883051705531,0.17366778320122797,0.8617324721366315,0.1421752135341227,0.15789072351438202,0.14437552677718934,0.20489839797733286,0.11942396150873842,0.19985888798635354,0.14019241195420235,0.20781944424133955,0.21142848671468767,0.12930177695163486,0.13784660603805668,0.1991946641951863,0.1976579087430653,0.1428122782864724,0.11364950225362866,0.1910526079747079,0.1417932629768226,0.12709538545633317,0.15434803403994507,-0.24930711906569997,-0.03664412661857195
2020-08-12,0.2631019617954347,0.2248412209010939,57.70186959313503,0.1991946641951863,0.8545782759153691,0.1431341463776598,0.15434803403994507,0.1428122782864724,0.20781944424133955,0.11364950225362866,0.1910526079747079,0.14437552677718934,0.1976579087430653,0.19985888798635354,0.14019241195420235,0.12709538545633317,0.20489839797733286,0.21142848671468767,0.1417932629768226,0.12930177695163486,0.15789072351438202,0.1421752135341227,0.11942396150873842,0.13784660603805668,-0.2663888563754842,-0.045772468355409934
2020-08-13,0.2631115052065439,0.22760821457607985,51.78667116012281,0.20489839797733286,0.8650637090058308,0.1458062250723295,0.13784660603805668,0.1417932629768226,0.1976579087430653,0.12930177695163486,0.15789072351438202,0.1428122782864724,0.21142848671468767,0.1910526079747079,0.14437552677718934,0.11942396150873842,0.20781944424133955,0.19985888798635354,0.1421752135341227,0.14019241195420235,0.15434803403994507,0.1431341463776598,0.11364950225362866,0.12709538545633317,-0.25211995955552424,-0.045719977923737526
2020-08-14,0.26057594595130423,0.2210885951381142,50.311280045255174,0.20781944424133955,0.8484612588893017,0.14553609393251618,0.12709538545633317,0.1421752135341227,0.21142848671468767,0.14019241195420235,0.15434803403994507,0.1417932629768226,0.19985888798635354,0.15789072351438202,0.1428122782864724,0.11364950225362866,0.1976579087430653,0.1910526079747079,0.1431341463776598,0.14437552677718934,0.13784660603805668,0.1458062250723295,0.12930177695163486,0.11942396150873842,-0.28574048348614345,-0.05966599767658697
2020-08-17,0.2595453356621904,0.22022836916364968,49.68358851946042,0.1976579087430653,0.8485159966437869,0.14586790986548165,0.11942396150873842,0.1431341463776598,0.19985888798635354,0.14437552677718934,0.13784660603805668,0.1421752135341227,0.1910526079747079,0.15434803403994507,0.1417932629768226,0.12930177695163486,0.21142848671468767,0.15789072351438202,0.1458062250723295,0.1428122782864724,0.12709538545633317,0.14553609393251618,0.14019241195420235,0.11364950225362866,-0.2901765166373743,-0.0653345346747936
2020-08-18,0.25823236607076283,0.21834754680130408,53.437122635837774,0.21142848671468767,0.8455467845632906,0.14666835738174797,0.11364950225362866,0.1458062250723295,0.1910526079747079,0.1428122782864724,0.12709538545633317,0.1431341463776598,0.15789072351438202,0.13784660603805668,0.1421752135341227,0.14019241195420235,0.19985888798635354,0.15434803403994507,0.14553609393251618,0.1417932629768226,0.11942396150873842,0.14586790986548165,0.14437552677718934,0.12930177695163486,-0.29987558478761833,-0.07255609726265301
2020-08-19,0.2565215089493648,0.2150862584584155,52.14061570849861,0.19985888798635354,0.8384726073822983,0.1424213865187399,0.12930177695163486,0.14553609393251618,0.15789072351438202,0.1417932629768226,0.11942396150873842,0.1458062250723295,0.15434803403994507,0.12709538545633317,0.1431341463776598,0.14437552677718934,0.1910526079747079,0.13784660603805668,0.14586790986548165,0.1421752135341227,0.11364950225362866,0.14666835738174797,0.1428122782864724,0.14019241195420235,-0.3166934717547982,-0.08196611091546524
2020-08-24,0.25028870178973733,0.202256986785369,52.98096801634401,0.15434803403994507,0.8080947535349844,0.14168544755970383,0.1428122782864724,0.1424213865187399,0.12709538545633317,0.1458062250723295,0.14019241195420235,0.14666835738174797,0.11942396150873842,0.12930177695163486,0.14586790986548165,0.1421752135341227,0.13784660603805668,0.11364950225362866,0.14160041947755495,0.14553609393251618,0.14437552677718934,0.1406776459020816,0.1431341463776598,0.1417932629768226,-0.38285175590008647,-0.11624764134479439
2020-08-25,0.248070192660606,0.19776457668164055,51.862981741064836,0.13784660603805668,0.7972121703158814,0.13949823854526616,0.1417932629768226,0.14160041947755495,0.11942396150873842,0.14553609393251618,0.14437552677718934,0.1424213865187399,0.11364950225362866,0.14019241195420235,0.14666835738174797,0.1431341463776598,0.12709538545633317,0.12930177695163486,0.1406776459020816,0.14586790986548165,0.1428122782864724,0.14168544755970383,0.1458062250723295,0.1421752135341227,-0.40601831996654475,-0.12844982990450038
2020-08-26,0.2483197656632057,0.20224916711799418,45.18807369980917,0.12709538545633317,0.8144706748487482,0.139572763380331,0.1421752135341227,0.1406776459020816,0.11364950225362866,0.14586790986548165,0.1428122782864724,0.14160041947755495,0.12930177695163486,0.14437552677718934,0.1424213865187399,0.1458062250723295,0.11942396150873842,0.14019241195420235,0.14168544755970383,0.14666835738174797,0.1417932629768226,0.13949823854526616,0.14553609393251618,0.1431341463776598,-0.382892080541211,-0.1270771347025086
2020-08-27,0.24595885284163996,0.19710809265134577,44.52348321834812,0.11942396150873842,0.8013864529537928,0.1424127700604888,0.1431341463776598,0.14168544755970383,0.12930177695163486,0.14666835738174797,0.1417932629768226,0.1406776459020816,0.14019241195420235,0.1428122782864724,0.14160041947755495,0.14553609393251618,0.11364950225362866,0.14437552677718934,0.13949823854526616,0.1424213865187399,0.1421752135341227,0.139572763380331,0.14586790986548165,0.1458062250723295,-0.40940369195958887,-0.14006256849833565
2020-08-28,0.2439481405704438,0.19341631741066626,49.02187125687782,0.11364950225362866,0.7928583384910626,0.148133175649678,0.1458062250723295,0.13949823854526616,0.14019241195420235,0.1424213865187399,0.1421752135341227,0.14168544755970383,0.14437552677718934,0.1417932629768226,0.1406776459020816,0.14586790986548165,0.12930177695163486,0.1428122782864724,0.139572763380331,0.14160041947755495,0.1431341463776598,0.1424127700604888,0.14666835738174797,0.14553609393251618,-0.42844152369297955,-0.1511218379646087
2020-08-31,0.2430077096346453,0.1936670514370842,42.79367235676783,0.12930177695163486,0.7969584657550854,0.1440462593825948,0.14553609393251618,0.139572763380331,0.14437552677718934,0.14160041947755495,0.1431341463776598,0.13949823854526616,0.1428122782864724,0.1421752135341227,0.14168544755970383,0.14666835738174797,0.14019241195420235,0.1417932629768226,0.1424127700604888,0.1406776459020816,0.1458062250723295,0.148133175649678,0.1424213865187399,0.14586790986548165,-0.42714853268090974,-0.1562943727337072
2020-09-01,0.24420683314524289,0.20147396813190138,52.57649392637975,0.14019241195420235,0.8250136392050669,0.141305819902488,0.14586790986548165,0.1424127700604888,0.1428122782864724,0.1406776459020816,0.1458062250723295,0.139572763380331,0.1417932629768226,0.1431341463776598,0.13949823854526616,0.1424213865187399,0.14437552677718934,0.1421752135341227,0.148133175649678,0.14168544755970383,0.14553609393251618,0.1440462593825948,0.14160041947755495,0.14666835738174797,-0.38688964455716485,-0.14969898351914146
2020-09-02,0.24283708059140735,0.19963434222629897,51.89384278592381,0.14437552677718934,0.8220916745503113,0.12345601692316706,0.14666835738174797,0.148133175649678,0.1417932629768226,0.14168544755970383,0.14553609393251618,0.1424127700604888,0.1421752135341227,0.1458062250723295,0.139572763380331,0.14160041947755495,0.1428122782864724,0.1431341463776598,0.1440462593825948,0.13949823854526616,0.14586790986548165,0.141305819902488,0.1406776459020816,0.1424213865187399,-0.3963762698688398,-0.15723286234008846
2020-09-03,0.2413129522233525,0.19727693650932507,52.65050427028843,0.1428122782864724,0.8175149103755155,0.12046823826046998,0.1424213865187399,0.1440462593825948,0.1421752135341227,0.13949823854526616,0.14586790986548165,0.148133175649678,0.1431341463776598,0.14553609393251618,0.1424127700604888,0.1406776459020816,0.1417932629768226,0.1458062250723295,0.141305819902488,0.139572763380331,0.14666835738174797,0.12345601692316706,0.14168544755970383,0.14160041947755495,-0.40853299405739624,-0.1656158351626904
2020-09-04,0.23921337530529868,0.19292387721013493,53.0481298972628,0.1417932629768226,0.8064928516806961,0.11663747001785421,0.14160041947755495,0.141305819902488,0.1431341463776598,0.139572763380331,0.14666835738174797,0.1440462593825948,0.1458062250723295,0.14586790986548165,0.148133175649678,0.14168544755970383,0.1421752135341227,0.14553609393251618,0.12345601692316706,0.1424127700604888,0.1424213865187399,0.12046823826046998,0.13949823854526616,0.1406776459020816,-0.4309809506800751,-0.17716387574241546
2020-09-08,0.24054896881258656,0.2010002467429605,46.15978730646541,0.1421752135341227,0.8355897251821571,0.1171036229891307,0.1406776459020816,0.12345601692316706,0.1458062250723295,0.1424127700604888,0.1424213865187399,0.141305819902488,0.14553609393251618,0.14666835738174797,0.1440462593825948,0.13949823854526616,0.1431341463776598,0.14586790986548165,0.12046823826046998,0.148133175649678,0.14160041947755495,0.11663747001785421,0.139572763380331,0.14168544755970383,-0.38933254194479255,-0.16981787765701342
2020-09-09,0.23882821904282722,0.1976796205702219,51.03577378095233,0.1431341463776598,0.8277062960251508,0.11140533373087759,0.14168544755970383,0.12046823826046998,0.14553609393251618,0.148133175649678,0.14160041947755495,0.12345601692316706,0.14586790986548165,0.1424213865187399,0.141305819902488,0.139572763380331,0.1458062250723295,0.14666835738174797,0.11663747001785421,0.1440462593825948,0.1406776459020816,0.1171036229891307,0.1424127700604888,0.13949823854526616,-0.406456423601915,-0.1792823026075186
2020-09-10,0.23780839490240083,0.19697657710245656,45.301427775620525,0.1458062250723295,0.8282995105504913,0.10830010864365329,0.13949823854526616,0.11663747001785421,0.14586790986548165,0.1440462593825948,0.1406776459020816,0.12046823826046998,0.14666835738174797,0.14160041947755495,0.12345601692316706,0.1424127700604888,0.14553609393251618,0.1424213865187399,0.1171036229891307,0.141305819902488,0.14168544755970383,0.11140533373087759,0.148133175649678,0.139572763380331,-0.41008189437627135,-0.18489151389983163
2020-09-11,0.23614246244329723,0.19394337673422551,43.24267384173955,0.14553609393251618,0.8212981889303175,0.09947798356355392,0.139572763380331,0.1171036229891307,0.14666835738174797,0.141305819902488,0.14168544755970383,0.11663747001785421,0.1424213865187399,0.1406776459020816,0.12046823826046998,0.148133175649678,0.14586790986548165,0.14160041947755495,0.11140533373087759,0.12345601692316706,0.13949823854526616,0.10830010864365329,0.1440462593825948,0.1424127700604888,-0.4257235720135623,-0.19405443404597336
2020-09-14,0.23475221480155617,0.19199242699294117,41.548261051599376,0.14586790986548165,0.8178513977183931,0.11020513817940748,0.1424127700604888,0.11140533373087759,0.1424213865187399,0.12345601692316706,0.13949823854526616,0.1171036229891307,0.14160041947755495,0.14168544755970383,0.11663747001785421,0.1440462593825948,0.14666835738174797,0.1406776459020816,0.10830010864365329,0.12046823826046998,0.139572763380331,0.09947798356355392,0.141305819902488,0.148133175649678,-0.4357842746494132,-0.2017010394380609
2020-09-15,0.2332685944605102,0.18974805347553522,41.460733583983846,0.14666835738174797,0.8134316319535996,0.12557061147704096,0.148133175649678,0.10830010864365329,0.14160041947755495,0.12046823826046998,0.139572763380331,0.11140533373087759,0.1406776459020816,0.13949823854526616,0.1171036229891307,0.141305819902488,0.1424213865187399,0.14168544755970383,0.09947798356355392,0.11663747001785421,0.1424127700604888,0.11020513817940748,0.12345601692316706,0.1440462593825948,-0.44735811178349294,-0.20986121102119368
2020-09-16,0.23096633954910517,0.18463432457658688,42.24651301332999,0.1424213865187399,0.799399275829681,0.13820051159299163,0.1440462593825948,0.09947798356355392,0.1406776459020816,0.11663747001785421,0.1424127700604888,0.10830010864365329,0.14168544755970383,0.139572763380331,0.11140533373087759,0.12345601692316706,0.14160041947755495,0.13949823854526616,0.11020513817940748,0.1171036229891307,0.148133175649678,0.12557061147704096,0.12046823826046998,0.141305819902488,-0.47372870694747066,-0.22252401604308392
2020-09-17,0.2306491105394791,0.18681079346881643,47.55328006302754,0.14160041947755495,0.8099350265512554,0.14155312618698826,0.141305819902488,0.11020513817940748,0.14168544755970383,0.1171036229891307,0.148133175649678,0.09947798356355392,0.13949823854526616,0.1424127700604888,0.10830010864365329,0.12046823826046998,0.1406776459020816,0.139572763380331,0.12557061147704096,0.11140533373087759,0.1440462593825948,0.13820051159299163,0.11663747001785421,0.12345601692316706,-0.46250504195111547,-0.22426883112688836
2020-09-18,0.22967170116370753,0.18645135406039387,42.541743194767115,0.1406776459020816,0.8118168373189928,0.13847646584463738,0.12345601692316706,0.12557061147704096,0.13949823854526616,0.11140533373087759,0.1440462593825948,0.11020513817940748,0.139572763380331,0.148133175649678,0.09947798356355392,0.11663747001785421,0.14168544755970383,0.1424127700604888,0.13820051159299163,0.10830010864365329,0.141305819902488,0.14155312618698826,0.1171036229891307,0.12046823826046998,-0.46435860738502815,-0.22964475378890556
2020-09-21,0.2301680620513745,0.19131123916658402,36.35295454751728,0.14168544755970383,0.8311806488768304,0.14452343864625544,0.12046823826046998,0.13820051159299163,0.139572763380331,0.10830010864365329,0.141305819902488,0.12557061147704096,0.1424127700604888,0.1440462593825948,0.11020513817940748,0.1171036229891307,0.13949823854526616,0.148133175649678,0.14155312618698826,0.09947798356355392,0.12345601692316706,0.13847646584463738,0.11140533373087759,0.11663747001785421,-0.43929703974792844,-0.2269146820188845
2020-09-22,0.22920027389129496,0.19063034022949937,35.60912373424303,0.13949823854526616,0.8317195132145063,0.172616497342302,0.11663747001785421,0.14155312618698826,0.1424127700604888,0.09947798356355392,0.12345601692316706,0.13820051159299163,0.148133175649678,0.141305819902488,0.12557061147704096,0.11140533373087759,0.139572763380331,0.1440462593825948,0.13847646584463738,0.11020513817940748,0.12046823826046998,0.14452343864625544,0.10830010864365329,0.1171036229891307,-0.4428083150955783,-0.2322376863104041
2020-09-23,0.2292213146122441,0.19346048092301737,31.63563890010967,0.139572763380331,0.8439899284683864,0.1902258505977583,0.1171036229891307,0.13847646584463738,0.148133175649678,0.11020513817940748,0.12046823826046998,0.14155312618698826,0.1440462593825948,0.12345601692316706,0.13820051159299163,0.10830010864365329,0.1424127700604888,0.141305819902488,0.14452343864625544,0.12557061147704096,0.11663747001785421,0.172616497342302,0.09947798356355392,0.11140533373087759,-0.4282137802735992,-0.23212195866201074
2020-09-25,0.22721531604740522,0.19134107117095783,32.1012858874211,0.148133175649678,0.842113438915523,0.2466405507436201,0.10830010864365329,0.172616497342302,0.141305819902488,0.13820051159299163,0.1171036229891307,0.14452343864625544,0.12345601692316706,0.11663747001785421,0.13847646584463738,0.11020513817940748,0.1440462593825948,0.12046823826046998,0.1902258505977583,0.14155312618698826,0.11140533373087759,0.22234393330626595,0.12557061147704096,0.09947798356355392,-0.43914320137952495,-0.24315530191818568
2020-10-01,0.22839964936302884,0.20454583518688313,34.92152304430357,0.12046823826046998,0.8955610735713899,0.35363290854940854,0.13820051159299163,0.27372011283446873,0.1171036229891307,0.172616497342302,0.11020513817940748,0.2466405507436201,0.11140533373087759,0.09947798356355392,0.22234393330626595,0.13847646584463738,0.11663747001785421,0.10830010864365329,0.3054561971854373,0.1902258505977583,0.12557061147704096,0.34390177652944226,0.14452343864625544,0.14155312618698826,-0.37104856965756594,-0.2366412613649968
2020-10-13,0.22695601823652428,0.20762585954012747,44.91782527018867,0.12557061147704096,0.914828613726155,0.27655887511433824,0.2466405507436201,0.3328208818163953,0.14155312618698826,0.35363290854940854,0.1902258505977583,0.34164096770190283,0.13847646584463738,0.172616497342302,0.3620273867280392,0.3054561971854373,0.13820051159299163,0.14452343864625544,0.3079514346251958,0.35263413015237965,0.22234393330626595,0.2890130862902614,0.34390177652944226,0.27372011283446873,-0.355165429014091,-0.24458148526804957
2020-10-14,0.22484062066718147,0.20145159384221722,43.61100396974242,0.13820051159299163,0.8959750833476586,0.26249435294549983,0.27372011283446873,0.3079514346251958,0.13847646584463738,0.35263413015237965,0.22234393330626595,0.3328208818163953,0.14452343864625544,0.1902258505977583,0.34164096770190283,0.34390177652944226,0.14155312618698826,0.172616497342302,0.2890130862902614,0.3620273867280392,0.2466405507436201,0.27655887511433824,0.35363290854940854,0.3054561971854373,-0.3870050248104011,-0.25621654219926526
2020-10-15,0.22355517253561497,0.19853135243126288,41.80990476945956,0.14155312618698826,0.888064231211803,0.24627167759655316,0.3054561971854373,0.2890130862902614,0.14452343864625544,0.3620273867280392,0.2466405507436201,0.3079514346251958,0.172616497342302,0.22234393330626595,0.3328208818163953,0.35363290854940854,0.13847646584463738,0.1902258505977583,0.27655887511433824,0.34164096770190283,0.27372011283446873,0.26249435294549983,0.35263413015237965,0.34390177652944226,-0.4020641930907527,-0.263286731940264
2020-10-16,0.22168962904598552,0.19365611283289705,38.537512409165075,0.13847646584463738,0.8735461088832738,0.22540437253709297,0.34390177652944226,0.27655887511433824,0.172616497342302,0.34164096770190283,0.27372011283446873,0.2890130862902614,0.1902258505977583,0.2466405507436201,0.3079514346251958,0.35263413015237965,0.14452343864625544,0.22234393330626595,0.26249435294549983,0.3328208818163953,0.3054561971854373,0.24627167759655316,0.3620273867280392,0.35363290854940854,-0.4272049411273446,-0.27354754769616024
2020-10-20,0.22155249358458762,0.19707455137504115,47.947086222664666,0.172616497342302,0.889516286576116,0.14527451344834644,0.35263413015237965,0.24627167759655316,0.22234393330626595,0.3079514346251958,0.34390177652944226,0.26249435294549983,0.2466405507436201,0.3054561971854373,0.27655887511433824,0.34164096770190283,0.1902258505977583,0.27372011283446873,0.22540437253709297,0.2890130862902614,0.35363290854940854,0.18308292662660625,0.3328208818163953,0.3620273867280392,-0.40957665838706103,-0.27430181673937787
2020-10-21,0.22015108562332503,0.19381794738549957,47.7588124400138,0.1902258505977583,0.8803860623114026,0.12932728702544624,0.3620273867280392,0.22540437253709297,0.2466405507436201,0.2890130862902614,0.35363290854940854,0.24627167759655316,0.27372011283446873,0.34390177652944226,0.26249435294549983,0.3328208818163953,0.22234393330626595,0.3054561971854373,0.18308292662660625,0.27655887511433824,0.35263413015237965,0.14527451344834644,0.3079514346251958,0.34164096770190283,-0.4263703889728293,-0.282009805842445
2020-10-22,0.22053490392039085,0.19706966546343638,54.32586651490693,0.22234393330626595,0.8935985277621858,0.11399013228588947,0.34164096770190283,0.18308292662660625,0.27372011283446873,0.27655887511433824,0.35263413015237965,0.22540437253709297,0.3054561971854373,0.35363290854940854,0.24627167759655316,0.3079514346251958,0.2466405507436201,0.34390177652944226,0.14527451344834644,0.26249435294549983,0.3620273867280392,0.12932728702544624,0.2890130862902614,0.3328208818163953,-0.40960185416874645,-0.2798987380212834
2021-02-22,0.32931625029352896,0.4668372127627148,25.8771193857622,0.3801490919312248,1.4175954340139896,0.24236109621045215,0.43824984194328903,0.1973718486988105,0.38635200803288144,0.33543000192760764,0.4306232651425483,0.21966563415011217,0.39261548395774537,0.4056418594320868,0.23270908151146655,0.4173575886318284,0.38800604329634375,0.400970586154355,0.22593328898855675,0.288962653756025,0.4383125314223526,0.24082468572850432,0.3824720488714869,0.42891694810734293,0.9815416575006903,0.31841770917921214
2021-02-23,0.3384235028783939,0.4895401889608618,37.70404324238498,0.38800604329634375,1.4465312982023262,0.49377895939821026,0.42891694810734293,0.22593328898855675,0.39261548395774537,0.288962653756025,0.4383125314223526,0.1973718486988105,0.400970586154355,0.4306232651425483,0.21966563415011217,0.3824720488714869,0.38635200803288144,0.4056418594320868,0.24082468572850432,0.23270908151146655,0.43824984194328903,0.24236109621045215,0.33543000192760764,0.4173575886318284,1.0986168889354033,0.36850919261832016
2021-02-24,0.3376537233601824,0.47599692738993005,39.19052478272405,0.38635200803288144,1.40971917221293,0.5522318008232171,0.4173575886318284,0.24082468572850432,0.400970586154355,0.23270908151146655,0.43824984194328903,0.22593328898855675,0.4056418594320868,0.4383125314223526,0.1973718486988105,0.33543000192760764,0.39261548395774537,0.4306232651425483,0.24236109621045215,0.21966563415011217,0.42891694810734293,0.49377895939821026,0.288962653756025,0.3824720488714869,1.0287766852123734,0.3642752705184394
2021-03-31,0.3170645450325777,0.288954193193461,51.7947258381497,0.9312596640366549,0.9113418631016331,0.26964257831443195,0.8163922801551793,0.26351449915166714,0.946618144335481,0.3062085546368324,0.9023768795824466,0.2634247221497376,0.9585785970797462,0.9270612843605739,0.2874110269155872,0.6084289757229789,0.9480459777505763,0.9466756865105537,0.2660519983382871,0.30014325262444747,0.8671938744583336,0.2694447400699643,0.4297992280904543,0.7450972040476903,0.06423039828016072,0.2510311855859529
2021-04-01,0.31441940969187687,0.2815151635366092,50.320299203725085,0.9480459777505763,0.8953491892007781,0.2491712675795378,0.7450972040476903,0.2660519983382871,0.9585785970797462,0.30014325262444747,0.8671938744583336,0.26351449915166714,0.9466756865105537,0.9023768795824466,0.2634247221497376,0.4297992280904543,0.946618144335481,0.9270612843605739,0.2694447400699643,0.2874110269155872,0.8163922801551793,0.26964257831443195,0.3062085546368324,0.6084289757229789,0.025868638521248627,0.23648247818180004
2021-04-12,0.296979512935797,0.2390601343472493,50.35003727897713,0.8671938744583336,0.804971804229913,0.12477383608110645,0.2634247221497376,0.19704054886348585,0.7450972040476903,0.26964257831443195,0.30014325262444747,0.2463240206910678,0.6084289757229789,0.3062085546368324,0.24649390478293326,0.2660519983382871,0.8163922801551793,0.4297992280904543,0.15218421221371828,0.2491712675795378,0.2874110269155872,0.12664156620336214,0.2694447400699643,0.26351449915166714,-0.1930644354744632,0.14055999317367351
2021-04-19,0.2950617459979906,0.25434001123592487,60.076935950206554,0.3062085546368324,0.8619891079938805,0.12223709956799232,0.2491712675795378,0.12380980038248501,0.2874110269155872,0.15218421221371828,0.2694447400699643,0.12189722665925405,0.2634247221497376,0.2660519983382871,0.12477383608110645,0.2463240206910678,0.30014325262444747,0.26351449915166714,0.12881263945136776,0.12664156620336214,0.26964257831443195,0.12672487737803462,0.19704054886348585,0.24649390478293326,-0.11426881381576538,0.13001193931110222
2021-04-22,0.29185393889278716,0.24862226391670544,54.27445169794964,0.2874110269155872,0.8518722236880177,0.16129553248613437,0.2463240206910678,0.12672487737803462,0.26351449915166714,0.12477383608110645,0.2491712675795378,0.12881263945136776,0.2660519983382871,0.26964257831443195,0.12380980038248501,0.15218421221371828,0.2634247221497376,0.2694447400699643,0.12223709956799232,0.12189722665925405,0.24649390478293326,0.15263368720044185,0.12664156620336214,0.19704054886348585,-0.14375422510459276,0.11236843870662928
2021-06-04,0.26021910112642915,0.2233789349376635,73.5877449894697,0.12671907123656198,0.8584263567536242,0.3322184555411292,0.3421912060201523,0.37417609996078843,0.15126940206853948,0.39332236336934123,0.2610719356669162,0.37049728023015227,0.18106410061395695,0.20792086995932813,0.3805615945716458,0.37360611025596446,0.13651193602405934,0.19136562559343803,0.3622903572472203,0.3793568831169879,0.30749949226426787,0.3292867971433883,0.3805359051183026,0.3631546486964257,-0.2739296063678274,-0.06162870667899975
2021-06-21,0.25104559485749434,0.2205692874177872,66.07585089393744,0.3805359051183026,0.8786025006453231,0.3627020977577317,0.3322184555411292,0.37735937274186193,0.3793568831169879,0.36247133929253544,0.3622903572472203,0.3585507172486022,0.3805615945716458,0.37417609996078843,0.345391983192207,0.33494244873345147,0.39332236336934123,0.37049728023015227,0.3899989384801634,0.3573820005354454,0.3292867971433883,0.3797087958276912,0.3487542451329945,0.32991874597301685,-0.2884184615191769,-0.11208459697818338
2021-06-22,0.24978261318506884,0.2182355176905324,67.10198092814812,0.39332236336934123,0.8737017957644531,0.3487065406290785,0.32991874597301685,0.3899989384801634,0.3805615945716458,0.3573820005354454,0.3292867971433883,0.37735937274186193,0.37049728023015227,0.3622903572472203,0.3585507172486022,0.3487542451329945,0.3793568831169879,0.37417609996078843,0.3797087958276912,0.345391983192207,0.3322184555411292,0.3627020977577317,0.36247133929253544,0.33494244873345147,-0.30045329909064833,-0.11903121726115834
2021-06-23,0.2480438345205834,0.21427895785269405,68.47136850944162,0.3793568831169879,0.8638753640736535,0.3418498475748666,0.33494244873345147,0.3797087958276912,0.37049728023015227,0.345391983192207,0.3322184555411292,0.3899989384801634,0.37417609996078843,0.3292867971433883,0.37735937274186193,0.36247133929253544,0.3805615945716458,0.3622903572472203,0.3627020977577317,0.3585507172486022,0.32991874597301685,0.3487065406290785,0.3573820005354454,0.3487542451329945,-0.3208565781434636,-0.12859480428861073
2021-06-24,0.24577614170023462,0.20859183182772625,70.76484462746456,0.3805615945716458,0.8487065928561085,0.3147315733142386,0.3487542451329945,0.3627020977577317,0.37417609996078843,0.3585507172486022,0.32991874597301685,0.3797087958276912,0.3622903572472203,0.3322184555411292,0.3899989384801634,0.3573820005354454,0.37049728023015227,0.3292867971433883,0.3487065406290785,0.37735937274186193,0.33494244873345147,0.3418498475748666,0.345391983192207,0.36247133929253544,-0.35018408083563596,-0.14106751175960588
2021-06-25,0.2461217187916179,0.21248205785927424,63.008388071872766,0.37049728023015227,0.8633210384784241,0.2920809067007089,0.36247133929253544,0.3487065406290785,0.3622903572472203,0.37735937274186193,0.33494244873345147,0.3627020977577317,0.3292867971433883,0.32991874597301685,0.3797087958276912,0.345391983192207,0.37417609996078843,0.3322184555411292,0.3418498475748666,0.3899989384801634,0.3487542451329945,0.3147315733142386,0.3585507172486022,0.3573820005354454,-0.33012287348547376,-0.13916677726381205
2021-06-29,0.24281388788883987,0.2055162994322419,63.426677753165364,0.3622903572472203,0.84639433608644,0.21041661866629302,0.345391983192207,0.3147315733142386,0.3322184555411292,0.3797087958276912,0.36247133929253544,0.3418498475748666,0.32991874597301685,0.3487542451329945,0.3487065406290785,0.37735937274186193,0.3292867971433883,0.33494244873345147,0.2920809067007089,0.3627020977577317,0.3573820005354454,0.23541111924385338,0.3899989384801634,0.3585507172486022,-0.3660440572477011,-0.15736042626408653
2021-06-30,0.2420286966596681,0.20537615850352833,65.48999763844242,0.3292867971433883,0.8485611885615397,0.1711541276541864,0.3585507172486022,0.2920809067007089,0.32991874597301685,0.3627020977577317,0.3573820005354454,0.3147315733142386,0.33494244873345147,0.36247133929253544,0.3418498475748666,0.3899989384801634,0.3322184555411292,0.3487542451329945,0.23541111924385338,0.3487065406290785,0.345391983192207,0.21041661866629302,0.3797087958276912,0.37735937274186193,-0.3667667392220563,-0.16167911547206498
2021-07-01,0.24320080103162436,0.21218028398595346,60.08702923248742,0.3322184555411292,0.8724489520014485,0.14268058101193207,0.37735937274186193,0.23541111924385338,0.33494244873345147,0.3487065406290785,0.345391983192207,0.2920809067007089,0.3487542451329945,0.3573820005354454,0.3147315733142386,0.3797087958276912,0.32991874597301685,0.36247133929253544,0.21041661866629302,0.3418498475748666,0.3585507172486022,0.1711541276541864,0.3627020977577317,0.3899989384801634,-0.33167906795758284,-0.15523233624972024
2021-07-02,0.24240787119751878,0.21156414293883866,61.20493374587479,0.32991874597301685,0.8727610283184739,0.1251234215883291,0.3899989384801634,0.21041661866629302,0.3487542451329945,0.3418498475748666,0.3585507172486022,0.23541111924385338,0.36247133929253544,0.345391983192207,0.2920809067007089,0.3627020977577317,0.33494244873345147,0.3573820005354454,0.1711541276541864,0.3147315733142386,0.37735937274186193,0.14268058101193207,0.3487065406290785,0.3797087958276912,-0.33485639832421904,-0.15959358913947566
2021-07-05,0.24263289467681567,0.21457092166909045,56.517123261630616,0.33494244873345147,0.8843439054498218,0.12358517503306687,0.3797087958276912,0.1711541276541864,0.36247133929253544,0.3147315733142386,0.37735937274186193,0.21041661866629302,0.3573820005354454,0.3585507172486022,0.23541111924385338,0.3487065406290785,0.3487542451329945,0.345391983192207,0.14268058101193207,0.2920809067007089,0.3899989384801634,0.1251234215883291,0.3418498475748666,0.3627020977577317,-0.3193509723992281,-0.15835592061303738
2021-07-06,0.24517083126570124,0.22563940755851927,43.64443042532096,0.3487542451329945,0.920335450973713,0.11497042012445939,0.3627020977577317,0.14268058101193207,0.3573820005354454,0.2920809067007089,0.3899989384801634,0.1711541276541864,0.345391983192207,0.37735937274186193,0.21041661866629302,0.3418498475748666,0.36247133929253544,0.3585507172486022,0.1251234215883291,0.23541111924385338,0.3797087958276912,0.12358517503306687,0.3147315733142386,0.3487065406290785,-0.2622727490056583,-0.14439682510898386
2021-07-07,0.2449021917551692,0.2260750824285607,47.770112721058545,0.36247133929253544,0.9231239655648729,0.144500967348362,0.3487065406290785,0.1251234215883291,0.345391983192207,0.23541111924385338,0.3797087958276912,0.14268058101193207,0.3585507172486022,0.3899989384801634,0.1711541276541864,0.3147315733142386,0.3573820005354454,0.37735937274186193,0.12358517503306687,0.21041661866629302,0.3627020977577317,0.11497042012445939,0.2920809067007089,0.3418498475748666,-0.2600260507844554,-0.14587438944219114
2021-07-08,0.24488943610045286,0.22737432004218872,42.79771713252871,0.3573820005354454,0.9284774535922428,0.15541371062183915,0.3418498475748666,0.12358517503306687,0.3585507172486022,0.21041661866629302,0.3627020977577317,0.1251234215883291,0.37735937274186193,0.3797087958276912,0.14268058101193207,0.2920809067007089,0.345391983192207,0.3899989384801634,0.11497042012445939,0.1711541276541864,0.3487065406290785,0.144500967348362,0.23541111924385338,0.3147315733142386,-0.253326112284031,-0.14594454777600527
2021-07-12,0.24312325457384618,0.22231760859418362,45.419830112527244,0.345391983192207,0.9144234638676119,0.1824890224737999,0.3147315733142386,0.11497042012445939,0.37735937274186193,0.1711541276541864,0.3487065406290785,0.12358517503306687,0.3899989384801634,0.3627020977577317,0.1251234215883291,0.23541111924385338,0.3585507172486022,0.3797087958276912,0.144500967348362,0.14268058101193207,0.3418498475748666,0.15541371062183915,0.21041661866629302,0.2920809067007089,-0.27940267854154566,-0.15565885534198887
2021-07-13,0.2419560867658668,0.21963526970709027,47.263861890965885,0.3585507172486022,0.9077484788370889,0.19686675377169918,0.2920809067007089,0.144500967348362,0.3899989384801634,0.14268058101193207,0.3418498475748666,0.11497042012445939,0.3797087958276912,0.3487065406290785,0.12358517503306687,0.21041661866629302,0.37735937274186193,0.3627020977577317,0.15541371062183915,0.1251234215883291,0.3147315733142386,0.1824890224737999,0.1711541276541864,0.23541111924385338,-0.2932350255982463,-0.16207848259831645
2021-07-21,0.24244576898233028,0.22953862415551346,42.53882264113647,0.3418498475748666,0.9467627548998081,0.3338895866203778,0.12358517503306687,0.23949644707125692,0.2920809067007089,0.1824890224737999,0.14268058101193207,0.21684913216365131,0.23541111924385338,0.1711541276541864,0.20583845183104751,0.144500967348362,0.3147315733142386,0.21041661866629302,0.2717951769385175,0.19686675377169918,0.1251234215883291,0.31360937410342726,0.15541371062183915,0.11497042012445939,-0.24216517890018344,-0.15938514468901438
2021-08-05,0.25377605908347045,0.28192492671485975,56.918697434578995,0.15541371062183915,1.1109201070150228,0.17635610772069246,0.3338895866203778,0.2300040108175919,0.19686675377169918,0.3159819296592117,0.2717951769385175,0.25264024499794574,0.20583845183104751,0.23949644707125692,0.2847848912355113,0.33873214566487325,0.1824890224737999,0.21684913216365131,0.20184607549153358,0.30487748193088693,0.31360937410342726,0.1684173339406593,0.3276996967823791,0.3393531248111122,0.027981714732420455,-0.09706656576821582
2021-08-06,0.2519574119000924,0.2734191248005532,57.165037401489705,0.1824890224737999,1.0851799228235084,0.1854424062394764,0.3393531248111122,0.20184607549153358,0.20583845183104751,0.30487748193088693,0.31360937410342726,0.2300040108175919,0.21684913216365131,0.2717951769385175,0.25264024499794574,0.3276996967823791,0.19686675377169918,0.23949644707125692,0.1684173339406593,0.2847848912355113,0.3338895866203778,0.17635610772069246,0.3159819296592117,0.33873214566487325,-0.015881200815037206,-0.10706944363054235
2021-08-26,0.24585933048262856,0.23902770797056694,58.749124647831806,0.25264024499794574,0.9722132875793204,0.28734030854753484,0.22034736551464365,0.26875768708002856,0.20184607549153358,0.29306692428881764,0.20385466882209172,0.2810043301262893,0.1684173339406593,0.1854424062394764,0.28777303936770515,0.2715560764409335,0.2300040108175919,0.17635610772069246,0.27033042847978805,0.2903905077868736,0.21249427368889218,0.27529981084910843,0.29882253558066224,0.24076475038186293,-0.1932316525618416,-0.1406099588942631
2021-08-30,0.24561311942098102,0.23877372945570302,63.9291514553912,0.20184607549153358,0.9721538084716261,0.30462138538007494,0.2715560764409335,0.27529981084910843,0.17635610772069246,0.28777303936770515,0.22034736551464365,0.27033042847978805,0.1854424062394764,0.21249427368889218,0.26875768708002856,0.29306692428881764,0.1684173339406593,0.20385466882209172,0.28734030854753484,0.2810043301262893,0.24076475038186293,0.29298103258470726,0.2903905077868736,0.29882253558066224,-0.19454137482678258,-0.14196416283251106
2021-08-31,0.24939434975671076,0.25276665136654336,52.05369804277928,0.1684173339406593,1.0135219647643274,0.28481274136461093,0.29882253558066224,0.28734030854753484,0.1854424062394764,0.2810043301262893,0.24076475038186293,0.27529981084910843,0.20385466882209172,0.22034736551464365,0.27033042847978805,0.2903905077868736,0.17635610772069246,0.21249427368889218,0.29298103258470726,0.26875768708002856,0.2715560764409335,0.30462138538007494,0.28777303936770515,0.29306692428881764,-0.12238235228888257,-0.12116673408254647
2021-09-01,0.25110907650157555,0.2586497967689297,50.68352810028921,0.17635610772069246,1.0300296603070294,0.25392122451989735,0.29306692428881764,0.29298103258470726,0.20385466882209172,0.26875768708002856,0.2715560764409335,0.28734030854753484,0.21249427368889218,0.24076475038186293,0.27529981084910843,0.28777303936770515,0.1854424062394764,0.22034736551464365,0.30462138538007494,0.27033042847978805,0.29882253558066224,0.28481274136461093,0.2810043301262893,0.2903905077868736,-0.09204401234891194,-0.11173543682329036
2021-10-06,0.27146359829607275,0.29118259279984304,61.84805965580782,0.25257756899851835,1.0726395532496542,0.4275326870860927,0.3663167423011452,0.27452601247325403,0.30138365081198687,0.34390140064688435,0.3098759799481181,0.2704949616492401,0.2982486368386494,0.3064604447476954,0.26546756314045633,0.3669479138296429,0.27834582085248094,0.3056254655960696,0.3059174100286218,0.3055552571269857,0.3363494013072474,0.3609206066868108,0.3529606481703894,0.37614185642688475,0.07572186078134129,0.00021799610053584357
2021-10-07,0.27087878628932033,0.2876854788826008,61.481014369818126,0.27834582085248094,1.0620450675503603,0.4388363318518939,0.37614185642688475,0.3059174100286218,0.2982486368386494,0.3055552571269857,0.3363494013072474,0.27452601247325403,0.3056254655960696,0.3098759799481181,0.2704949616492401,0.3529606481703894,0.30138365081198687,0.3064604447476954,0.3609206066868108,0.26546756314045633,0.3663167423011452,0.4275326870860927,0.34390140064688435,0.3669479138296429,0.057687863051646915,-0.0029985723078020817
2021-10-11,0.27156497314424266,0.2875849149272585,65.5316160368181,0.2982486368386494,1.0589911931481193,0.4661832767157301,0.3529606481703894,0.4275326870860927,0.3064604447476954,0.2704949616492401,0.37614185642688475,0.3609206066868108,0.3098759799481181,0.3663167423011452,0.3059174100286218,0.3055552571269857,0.3056254655960696,0.3363494013072474,0.4388363318518939,0.27452601247325403,0.3669479138296429,0.45118854347390286,0.26546756314045633,0.34390140064688435,0.05716927252664556,0.0007755755111128781
2021-10-13,0.2702481542119571,0.28173770861316605,67.21706170472953,0.3056254655960696,1.0425148302481935,0.4918720814873115,0.34390140064688435,0.4388363318518939,0.3098759799481181,0.27452601247325403,0.3669479138296429,0.4275326870860927,0.3363494013072474,0.37614185642688475,0.3609206066868108,0.26546756314045633,0.3064604447476954,0.3663167423011452,0.45118854347390286,0.3059174100286218,0.3529606481703894,0.4661832767157301,0.2704949616492401,0.3055552571269857,0.02701626410633266,-0.006467159125291764
2021-10-14,0.2696212860960065,0.27867821145611327,67.4931490040083,0.3064604447476954,1.033591284617201,0.5133276273769934,0.3055552571269857,0.45118854347390286,0.3363494013072474,0.3059174100286218,0.3529606481703894,0.4388363318518939,0.3663167423011452,0.3669479138296429,0.4275326870860927,0.2704949616492401,0.3098759799481181,0.37614185642688475,0.4661832767157301,0.3609206066868108,0.34390140064688435,0.4918720814873115,0.27452601247325403,0.26546756314045633,0.011238978581757443,-0.009915043496131277
2021-10-15,0.26641882245217363,0.2665939180595597,66.5277722497234,0.3098759799481181,1.0006572193577556,0.5344031246137598,0.26546756314045633,0.4661832767157301,0.3663167423011452,0.3609206066868108,0.34390140064688435,0.45118854347390286,0.37614185642688475,0.3529606481703894,0.4388363318518939,0.27452601247325403,0.3363494013072474,0.3669479138296429,0.4918720814873115,0.4275326870860927,0.3055552571269857,0.5133276273769934,0.3059174100286218,0.2704949616492401,-0.05107758440005797,-0.02752915412769431
2021-11-01,0.30014614441527737,0.36250082509849185,49.43615808535182,0.3059174100286218,1.2077477317081293,0.2611263329856168,0.5344031246137598,0.3014303480634883,0.4275326870860927,0.38423550973968174,0.4918720814873115,0.31803920575417777,0.4388363318518939,0.4661832767157301,0.33453369834457514,0.5128839213879292,0.3609206066868108,0.45118854347390286,0.27511391460157114,0.34228819376580827,0.5133276273769934,0.2584289802108075,0.4447747335995819,0.5435285783498053,0.4434973664685828,0.1579770206288862
2021-11-03,0.30210672499293556,0.3650489928270416,43.25493912374004,0.3609206066868108,1.2083444777191832,0.2611263329856168,0.5435285783498053,0.27511391460157114,0.4388363318518939,0.34228819376580827,0.5133276273769934,0.3014303480634883,0.45118854347390286,0.4918720814873115,0.31803920575417777,0.4447747335995819,0.4275326870860927,0.4661832767157301,0.2584289802108075,0.33453369834457514,0.5344031246137598,0.2611263329856168,0.38423550973968174,0.5128839213879292,0.4566378165994683,0.1687605570051597
2021-12-06,0.324901048061926,0.3766226247612689,72.00616315331268,0.3936578363434648,1.1591917816451143,0.6366908207982814,0.34311652215257266,0.4076614973554281,0.43181867235485377,0.3292644543687785,0.3701497348879077,0.3710121720319621,0.4355547106395228,0.40121017578993734,0.3541004388769984,0.3436238778946301,0.42423083578349263,0.4261454670795128,0.4403098331604274,0.35927220038766833,0.3422650862660633,0.5505603843416873,0.347538037548461,0.3395512944174357,0.5163209887709844,0.2941333240253186
2021-12-07,0.32414330344471914,0.37022199564986275,73.65909204840801,0.42423083578349263,1.1421553112942902,0.6982663478375589,0.3395512944174357,0.4403098331604274,0.4355547106395228,0.35927220038766833,0.3422650862660633,0.4076614973554281,0.4261454670795128,0.3701497348879077,0.3710121720319621,0.347538037548461,0.43181867235485377,0.40121017578993734,0.5505603843416873,0.3541004388769984,0.34311652215257266,0.6366908207982814,0.3292644543687785,0.3436238778946301,0.48331407690157074,0.2899655959876699
2021-12-08,0.3239971054776232,0.3664085248955816,73.55958334044857,0.43181867235485377,1.130900612076263,0.7602275410818408,0.3436238778946301,0.5505603843416873,0.4261454670795128,0.3541004388769984,0.34311652215257266,0.4403098331604274,0.40121017578993734,0.3422650862660633,0.4076614973554281,0.3292644543687785,0.4355547106395228,0.3701497348879077,0.6366908207982814,0.3710121720319621,0.3395512944174357,0.6982663478375589,0.35927220038766833,0.347538037548461,0.46364868293602485,0.2891614815767238
2021-12-23,0.31315949819421435,0.3087541098714478,56.76485630977818,0.35927220038766833,0.9859324454529735,0.5132867362359484,0.7602275410818408,0.7371311047179431,0.3710121720319621,0.873083039694144,0.6366908207982814,0.8159263237421236,0.4076614973554281,0.5505603843416873,0.8485526841976818,0.8372332118241432,0.3541004388769984,0.4403098331604274,0.6364488891413838,0.8723647894646612,0.6982663478375589,0.5713534636839182,0.8597638487754621,0.8098059635838021,0.16633506540536944,0.2295527443974548
