Date,MM140,MM230,MM110,MM200,close_vs_low_lag1,MM20,MM290,MM80,close_vs_high_lag1,MM50,MM380,close_vs_low_lag13,close_vs_low_lag6,MM260,volatility_lag5,MM170,close_vs_low_lag19,MM350,close_vs_low_lag7,close_vs_low_lag16,close_vs_high_lag5,close_vs_high_lag20,close_vs_low_lag9,close_vs_low_lag14,close_vs_low_lag2,volatility_lag3,close_vs_high_lag11,volatility_lag12,close_vs_low_lag3,close_vs_high_lag7,volatility_lag15,volatility_lag6,volatility_lag4,close_vs_low_lag8,volatility_lag8,MM320,volatility_lag7,volatility_lag20,close_vs_low_lag10,volatility_lag18,close_vs_low_lag20,volatility_lag9,close_vs_low_lag12,close_vs_high_lag6,close_vs_high_lag13,close_vs_high_lag9,close_vs_high_lag18,close_vs_high_lag17,volatility_lag10,close_vs_low_lag18
2019-01-28,6.34926085131509,6.1356040374092435,6.614900506626476,6.150669651031494,1.2507347051621405,7.257744240760803,5.870287913289563,7.080763286352157,0.9853395132061545,7.024346580505371,5.48051997423172,1.222330760884881,1.2321254194057618,6.038395082033597,0.514439529816713,6.099890765021829,1.0612147643622183,5.628479116984776,1.215475240558242,1.2071500714959902,0.9799382991363264,0.8452950581119313,1.216944411462902,1.229676933962149,1.245347559355239,0.47331247853316816,0.9745369595867256,0.43842528756546034,1.2306560095856252,0.9575618049956744,0.3861858783747277,0.5114886972215958,0.49756919862042837,1.2159647783699803,0.4991283147450707,5.752146439254284,0.5057862349997579,0.42093879625025277,1.2238005688974787,0.3985495634244889,1.061704222535464,0.49027285204117854,1.2477963633528206,0.9706789584996892,0.962962642626185,0.9587192304177399,0.8842847644527773,0.9380904006890725,0.47847006346082116,1.1106759223700235
2019-01-29,6.36725183555058,6.1432004202967105,6.631243692744862,6.158140654563904,1.1640035762008658,7.3119896173477175,5.880334919896619,7.102494031190872,0.95563274171227,7.029356889724731,5.490709713258242,1.2477963633528206,1.2438787070045483,6.04859597499554,0.49756919862042837,6.101239928077249,1.1106759223700235,5.638474174227033,1.2321254194057618,1.21057803075554,0.984953913865087,0.8449053671168167,1.2159647783699803,1.222330760884881,1.2507347051621405,0.41937117588818207,0.9641205699673406,0.4605018411518858,1.245347559355239,0.9706789584996892,0.4003939072188937,0.514439529816713,0.47331247853316816,1.215475240558242,0.5057862349997579,5.761269105970859,0.5114886972215958,0.414243504327665,1.216944411462902,0.3941816751931334,1.0612147643622183,0.4991283147450707,1.2370225495699716,0.9799382991363264,0.9830246623620237,0.9579474670766283,0.9380904006890725,0.9610944066872077,0.49027285204117854,1.1782566690454848
2019-01-30,6.385706073897225,6.150516702817834,6.650640374963934,6.1657954740524294,1.1490036478476036,7.355092716217041,5.890857622541231,7.120658898353577,0.9787808737142609,7.036567373275757,5.500951819043411,1.2370225495699716,1.2502452469888945,6.059078807097215,0.47331247853316816,6.104012323828305,1.1782566690454848,5.648558212007795,1.2438787070045483,1.229676933962149,0.9695213448579649,0.8842847644527773,1.215475240558242,1.2477963633528206,1.1640035762008658,0.347550402134525,0.9587192304177399,0.47847006346082116,1.2507347051621405,0.9799382991363264,0.4060743599871383,0.49756919862042837,0.41937117588818207,1.2321254194057618,0.5114886972215958,5.770585715770721,0.514439529816713,0.3985495634244889,1.2159647783699803,0.3949544372707709,1.1106759223700235,0.5057862349997579,1.2238005688974787,0.984953913865087,0.9745369595867256,0.9575618049956744,0.9610944066872077,0.9711447522731489,0.4991283147450707,1.2071500714959902
2019-01-31,6.4038552488599505,6.157317603152731,6.670187122171575,6.174445688724518,1.1499101707915573,7.377377390861511,5.901368963307347,7.139982998371124,0.9880447565640597,7.049698352813721,5.510911573234357,1.2238005688974787,1.2306560095856252,6.069765177139869,0.41937117588818207,6.107196176753325,1.2071500714959902,5.658416006905692,1.2502452469888945,1.222330760884881,0.9810954735988466,0.9380904006890725,1.2321254194057618,1.2370225495699716,1.1490036478476036,0.28328204943721086,0.9579474670766283,0.49027285204117854,1.1640035762008658,0.984953913865087,0.43842528756546034,0.47331247853316816,0.347550402134525,1.2438787070045483,0.514439529816713,5.779856891930104,0.49756919862042837,0.3941816751931334,1.215475240558242,0.3861858783747277,1.1782566690454848,0.5114886972215958,1.216944411462902,0.9695213448579649,0.9641205699673406,0.9706789584996892,0.9711447522731489,0.9687500206960572,0.5057862349997579,1.21057803075554
2019-02-01,6.421962257793972,6.163910148454749,6.691577993739735,6.182195756435394,1.0747899921090511,7.394237399101257,5.912597044583024,7.16043107509613,0.9853621273432984,7.0592631816864015,5.5211594330637075,1.216944411462902,1.245347559355239,6.080213176287137,0.347550402134525,6.113145121406107,1.21057803075554,5.66796822820391,1.2306560095856252,1.2477963633528206,0.9853395132061545,0.9610944066872077,1.2438787070045483,1.2238005688974787,1.1499101707915573,0.1894646840728191,0.9575618049956744,0.4991283147450707,1.1490036478476036,0.9695213448579649,0.4605018411518858,0.41937117588818207,0.28328204943721086,1.2502452469888945,0.49756919862042837,5.789303302764893,0.47331247853316816,0.3949544372707709,1.2321254194057618,0.4003939072188937,1.2071500714959902,0.514439529816713,1.2159647783699803,0.9810954735988466,0.9587192304177399,0.9799382991363264,0.9687500206960572,0.962962642626185,0.5114886972215958,1.229676933962149
2019-02-04,6.440390058926174,6.170820354378741,6.7138386249542235,6.189720871448517,1.0543521561143767,7.413443183898925,5.924009221175622,7.175298875570297,0.993836500530301,7.066224050521851,5.531629146400251,1.2159647783699803,1.2507347051621405,6.0908665051827064,0.28328204943721086,6.124775634092443,1.229676933962149,5.677713136672974,1.245347559355239,1.2370225495699716,0.95563274171227,0.9711447522731489,1.2502452469888945,1.216944411462902,1.0747899921090511,0.11402189380568639,0.9706789584996892,0.5057862349997579,1.1499101707915573,0.9810954735988466,0.47847006346082116,0.347550402134525,0.1894646840728191,1.2306560095856252,0.47331247853316816,5.798969249427318,0.41937117588818207,0.3861858783747277,1.2438787070045483,0.4060743599871383,1.21057803075554,0.49756919862042837,1.215475240558242,0.9853395132061545,0.9579474670766283,0.984953913865087,0.962962642626185,0.9830246623620237,0.514439529816713,1.222330760884881
2019-02-05,6.459304799352373,6.177843180946682,6.737875262173739,6.197487940788269,1.0555554390752304,7.427664256095886,5.935249026068326,7.186926525831223,0.9965543587405745,7.072348756790161,5.542041282904775,1.215475240558242,1.1640035762008658,6.101522165078383,0.1894646840728191,6.1369562597835765,1.222330760884881,5.687748888560704,1.2507347051621405,1.2238005688974787,0.9787808737142609,0.9687500206960572,1.2306560095856252,1.2159647783699803,1.0543521561143767,0.09405629544287122,0.9799382991363264,0.5114886972215958,1.0747899921090511,0.9853395132061545,0.49027285204117854,0.28328204943721086,0.11402189380568639,1.245347559355239,0.41937117588818207,5.808619527518749,0.347550402134525,0.4003939072188937,1.2502452469888945,0.43842528756546034,1.229676933962149,0.47331247853316816,1.2321254194057618,0.95563274171227,0.9575618049956744,0.9695213448579649,0.9830246623620237,0.9745369595867256,0.49756919862042837,1.2477963633528206
2019-02-11,6.5263637270246235,6.200248378256093,6.8177352341738615,6.225938177108764,1.0190590232475711,7.425611686706543,5.97723964164997,7.19759646654129,0.9620977775073297,7.101650304794312,5.580255626377307,1.2306560095856252,1.0543521561143767,6.136552673119765,0.10345474351944876,6.19218126745785,1.216944411462902,5.723858152117048,1.0747899921090511,1.2321254194057618,0.9965543587405745,0.9641205699673406,1.1490036478476036,1.2502452469888945,1.0174371576576027,0.11249238303819449,0.9853395132061545,0.41937117588818207,1.033657751332621,0.9853621273432984,0.514439529816713,0.09604098589615213,0.11501719805853572,1.1499101707915573,0.11402189380568639,5.842641839385033,0.09405629544287122,0.47847006346082116,1.1640035762008658,0.4991283147450707,1.2238005688974787,0.1894646840728191,1.245347559355239,0.993836500530301,0.9695213448579649,0.9787808737142609,0.9579474670766283,0.9575618049956744,0.28328204943721086,1.2159647783699803
2019-08-29,7.887185120582581,7.567131191751232,7.87132436578924,7.652268264293671,1.0384290318533307,7.430949115753174,7.1036228492342195,7.789680850505829,0.9216526430623907,7.811902751922608,6.802643768410934,1.0260001870483333,1.074746780216775,7.313482062633221,0.23243095655738585,7.768757663053624,1.0540539630820462,6.870097916466849,1.0143581143668132,1.0240000152587891,0.9452655486401031,0.9133613308036588,1.000837189546867,1.051200136882463,1.0278718213568316,0.24891985258123236,0.9031224526557758,0.21108196639137236,1.0118244299750767,0.8758595618534897,0.25932139631459566,0.2468767895523375,0.24064706701918873,1.0075471824862374,0.2715066500269604,6.92650151848793,0.27034147473872766,0.22280670608164788,1.003728258279347,0.2552520539168983,1.0433227408266461,0.2629191025808788,1.0397069362087725,0.9327272487538264,0.9054008872557091,0.8683923545406455,0.8890050263956684,0.9004870725456933,0.23829201292849275,1.0155007984974331
2019-10-14,7.8912595987319945,7.6986663611038875,7.841936172138561,7.819152085781098,1.0504814920866188,8.040202569961547,7.398626334091713,7.868776589632034,0.9652974878785529,7.772491817474365,6.968896873373734,1.1077797197870058,1.0091358875879743,7.632496366134057,0.13670700050140497,7.910721128127154,1.1649139266374862,7.018839723042079,1.0206106105119646,1.1358857006193361,0.9266997972399162,0.9936260514647782,1.0580771600390984,1.1305970440541946,1.0304429828938992,0.1616977056308368,0.9794618834336872,0.22191731657087022,1.021965206839777,0.9468839101713041,0.30431394370454856,0.1184737982638838,0.1572882174545844,1.0198474248064762,0.12688063985531672,7.2064263507723805,0.11819392297863178,0.3501741717332561,1.1006789701339323,0.3561521969961372,1.1849661552412938,0.1383125414105703,1.1066719606869628,0.9387395732784881,0.9681305035040056,0.9741503346422807,0.9638810369468372,0.9663601389228991,0.17180471525934624,1.1451407224933956
2020-03-19,8.286625364848545,8.108001190683115,8.385675616697831,8.152835228443145,1.038638461887375,6.378783202171325,8.067310232951723,8.31330651640892,0.36549041004548155,7.893573732376098,7.760012168633311,1.0775791318018886,1.0566666920979817,8.115994618489193,1.6553782417506115,8.176324746187996,1.1040838706208804,7.904911921364921,1.1395199206423239,1.0069150362304637,0.4078990109882326,0.98249668441791,1.0124168823112567,1.0292444877665128,1.173285216226386,1.8618365426009538,0.8705081761549551,0.49824520870492256,1.1814079703571279,0.5684688790639804,0.3738167169387474,1.4103283089669367,1.7429541148386487,1.0415314338731751,1.0358404371270853,7.9579031154513356,1.2195465820885878,0.1689131137541934,1.027213584376307,0.20005880508044666,1.0751717679735926,0.6609724741806375,1.0580827021869421,0.5131111124701633,0.8588541079520857,0.7390741919281443,0.9685982734697124,0.9433472998179918,0.5507412515096056,1.0813155286374976
2020-03-20,8.260983577796392,8.089705122035483,8.34850689497861,8.133385723829269,1.1253455860702026,6.0977895855903625,8.054164535423805,8.24725208580494,0.3952735751153555,7.781479210853576,7.755462143923107,1.0580827021869421,1.1371841577824904,8.099798353818747,1.7429541148386487,8.149492742033566,1.0813155286374976,7.893962035179138,1.0566666920979817,1.0164724731806394,0.49854324697516944,1.0,1.0415314338731751,1.0775791318018886,1.038638461887375,1.946645361923836,0.8187116664096403,0.5093742848396516,1.173285216226386,0.5131111124701633,0.4442939095628435,1.6553782417506115,1.8618365426009538,1.1395199206423239,1.2195465820885878,7.946285369247198,1.4103283089669367,0.1958768931415142,1.0124168823112567,0.1997997837885804,1.1040838706208804,1.0358404371270853,1.092201150349314,0.4078990109882326,0.8433150276460335,0.5195856570809589,0.9433472998179918,0.8484948569560058,0.6609724741806375,1.0531260607531368
2020-03-23,8.233729720115662,8.069666818950488,8.308611778779463,8.112530846595764,1.1059908693419083,5.8187652111053465,8.040365049756806,8.178818571567536,0.3884753007263709,7.666961078643799,7.750773547825061,1.092201150349314,1.3898917799679624,8.08300820497366,1.8618365426009538,8.122029562557445,1.0531260607531368,7.883184377125331,1.1371841577824904,1.0292444877665128,0.4237617446429991,0.9685982734697124,1.1395199206423239,1.0580827021869421,1.1253455860702026,2.0368724167262213,0.7390741919281443,0.5507412515096056,1.038638461887375,0.4078990109882326,0.4675873424489784,1.7429541148386487,1.946645361923836,1.0566666920979817,1.4103283089669367,7.93472575545311,1.6553782417506115,0.20005880508044666,1.0415314338731751,0.2734909080190659,1.0813155286374976,1.2195465820885878,1.027213584376307,0.49854324697516944,0.8705081761549551,0.5684688790639804,0.8484948569560058,0.8190353707113377,1.0358404371270853,1.0069150362304637
2020-03-24,8.208333298138209,8.05213759671087,8.272942742434415,8.094017584323883,1.0599080101394183,5.578065013885498,8.028798206921282,8.117946088314056,0.3874664206561741,7.563834114074707,7.7474058464953774,1.027213584376307,1.1814079703571279,8.0683699626189,1.946645361923836,8.097979590472054,1.0069150362304637,7.873744034085955,1.3898917799679624,1.0775791318018886,0.42084817663929863,0.9433472998179918,1.0566666920979817,1.092201150349314,1.1059908693419083,2.058122370539168,0.5195856570809589,0.6609724741806375,1.1253455860702026,0.49854324697516944,0.49824520870492256,1.8618365426009538,2.0368724167262213,1.1371841577824904,1.6553782417506115,7.924628059566021,1.7429541148386487,0.1997997837885804,1.1395199206423239,0.3738167169387474,1.0531260607531368,1.4103283089669367,1.0124168823112567,0.4237617446429991,0.8187116664096403,0.5131111124701633,0.8190353707113377,0.8203303407770766,1.2195465820885878,1.0164724731806394
2020-03-25,8.185252342905317,8.035711829558663,8.238817371021618,8.077625861167908,1.2211979448164512,5.397956323623657,8.018045844702884,8.063142704963685,0.4821687825300095,7.466826934814453,7.7447128948412445,1.0124168823112567,1.173285216226386,8.053760526730464,2.0368724167262213,8.07595775267657,1.0164724731806394,7.864737792696272,1.1814079703571279,1.0580827021869421,0.36549041004548155,0.8484948569560058,1.1371841577824904,1.027213584376307,1.0599080101394183,2.028133705742723,0.5684688790639804,1.0358404371270853,1.1059908693419083,0.4237617446429991,0.5093742848396516,1.946645361923836,2.058122370539168,1.3898917799679624,1.7429541148386487,7.916402639448643,1.8618365426009538,0.2734909080190659,1.0566666920979817,0.4442939095628435,1.0069150362304637,1.6553782417506115,1.0415314338731751,0.42084817663929863,0.7390741919281443,0.4078990109882326,0.8203303407770766,0.8588541079520857,1.4103283089669367,1.0292444877665128
2020-03-26,8.162746933528355,8.019480259522147,8.20474985296076,8.060721652507782,1.3198155014136974,5.232692670822144,8.007255386484081,8.008081471920013,0.5211062106532819,7.372243385314942,7.741875140290511,1.0415314338731751,1.038638461887375,8.039514605815594,2.058122370539168,8.0539740338045,1.0292444877665128,7.856058361870902,1.173285216226386,1.092201150349314,0.3952735751153555,0.8190353707113377,1.3898917799679624,1.0124168823112567,1.2211979448164512,1.9818451694074617,0.5131111124701633,1.2195465820885878,1.0599080101394183,0.42084817663929863,0.5507412515096056,2.0368724167262213,2.028133705742723,1.1814079703571279,1.8618365426009538,7.908084042370319,1.946645361923836,0.3738167169387474,1.1371841577824904,0.4675873424489784,1.0164724731806394,1.7429541148386487,1.1395199206423239,0.36549041004548155,0.5195856570809589,0.49854324697516944,0.8588541079520857,0.8433150276460335,1.6553782417506115,1.0775791318018886
2020-03-27,8.137246683665685,8.001557961754177,8.166897695714777,8.041459436416625,1.3262673396059637,5.050311875343323,7.9961047698711525,7.948145401477814,0.523653606822306,7.273781967163086,7.738733056971902,1.1395199206423239,1.1253455860702026,8.023321923842797,2.028133705742723,8.02999585095574,1.0775791318018886,7.846854907444545,1.038638461887375,1.027213584376307,0.3884753007263709,0.8203303407770766,1.1814079703571279,1.0415314338731751,1.3198155014136974,1.8871804464521271,0.4078990109882326,1.4103283089669367,1.2211979448164512,0.36549041004548155,0.6609724741806375,2.058122370539168,1.9818451694074617,1.173285216226386,1.946645361923836,7.899911668896675,2.0368724167262213,0.4442939095628435,1.3898917799679624,0.49824520870492256,1.0292444877665128,1.8618365426009538,1.0566666920979817,0.3952735751153555,0.5684688790639804,0.4237617446429991,0.8433150276460335,0.8705081761549551,1.7429541148386487,1.0580827021869421
2020-03-30,8.110520114217486,7.984417832416037,8.128375326503408,8.02248039007187,1.2258066079014476,4.851116895675659,7.984431067828474,7.889931696653366,0.48398843304466677,7.17598708152771,7.7353204037013805,1.0566666920979817,1.1059908693419083,8.007120965077327,1.9818451694074617,8.006454767900355,1.0580827021869421,7.837204419544765,1.1253455860702026,1.0124168823112567,0.3874664206561741,0.8588541079520857,1.173285216226386,1.1395199206423239,1.3262673396059637,1.820560625654257,0.49854324697516944,1.6553782417506115,1.3198155014136974,0.3952735751153555,1.0358404371270853,2.028133705742723,1.8871804464521271,1.038638461887375,2.0368724167262213,7.8919479042291645,2.058122370539168,0.4675873424489784,1.1814079703571279,0.5093742848396516,1.0775791318018886,1.946645361923836,1.1371841577824904,0.3884753007263709,0.5131111124701633,0.42084817663929863,0.8705081761549551,0.8187116664096403,1.8618365426009538,1.092201150349314
2020-03-31,8.084837910107204,7.967928098595661,8.092261613499035,8.003674306869506,1.23317974352062,4.668433117866516,7.97314184616352,7.834326857328415,0.48689958748937834,7.079888753890991,7.73257239492316,1.1371841577824904,1.0599080101394183,7.991563118421114,1.8871804464521271,7.984797746994916,1.092201150349314,7.827049375261579,1.1059908693419083,1.0415314338731751,0.4821687825300095,0.8433150276460335,1.038638461887375,1.0566666920979817,1.2258066079014476,1.752706533051374,0.4237617446429991,1.7429541148386487,1.3262673396059637,0.3884753007263709,1.2195465820885878,1.9818451694074617,1.820560625654257,1.1253455860702026,2.058122370539168,7.884552788734436,2.028133705742723,0.49824520870492256,1.173285216226386,0.5507412515096056,1.0580827021869421,2.0368724167262213,1.3898917799679624,0.3874664206561741,0.4078990109882326,0.36549041004548155,0.8187116664096403,0.7390741919281443,1.946645361923836,1.027213584376307
2020-04-01,8.059550901821682,7.952178401532381,8.05716361132535,7.985794332027435,1.2894006460665517,4.47772102355957,7.962216916577569,7.780232155323029,0.5193021148596004,6.9847598648071285,7.730012093092266,1.3898917799679624,1.2211979448164512,7.975813893171457,1.820560625654257,7.964992612950942,1.027213584376307,7.818114558628627,1.0599080101394183,1.1395199206423239,0.5211062106532819,0.8705081761549551,1.1253455860702026,1.1371841577824904,1.23317974352062,1.6729422097840339,0.42084817663929863,1.8618365426009538,1.2258066079014476,0.3874664206561741,1.4103283089669367,1.8871804464521271,1.752706533051374,1.1059908693419083,2.028133705742723,7.877398018538952,1.9818451694074617,0.5093742848396516,1.038638461887375,0.6609724741806375,1.092201150349314,2.058122370539168,1.1814079703571279,0.4821687825300095,0.49854324697516944,0.3952735751153555,0.7390741919281443,0.5195856570809589,2.0368724167262213,1.0124168823112567
2020-04-02,8.036012969698225,7.938507310203884,8.024939372322777,7.969261271953583,1.3179721812430634,4.329574465751648,7.9523336180325215,7.728179717063904,0.5361829041596721,6.899265079498291,7.727963244287591,1.1814079703571279,1.3198155014136974,7.960955816048842,1.752706533051374,7.946928018682144,1.0124168823112567,7.808952533176967,1.2211979448164512,1.0566666920979817,0.523653606822306,0.8187116664096403,1.1059908693419083,1.3898917799679624,1.2894006460665517,1.5295804258050962,0.36549041004548155,1.946645361923836,1.23317974352062,0.4821687825300095,1.6553782417506115,1.820560625654257,1.6729422097840339,1.0599080101394183,1.9818451694074617,7.871663421392441,1.8871804464521271,0.5507412515096056,1.1253455860702026,1.0358404371270853,1.027213584376307,2.028133705742723,1.173285216226386,0.5211062106532819,0.4237617446429991,0.3884753007263709,0.5195856570809589,0.5684688790639804,2.058122370539168,1.0415314338731751
2020-04-03,8.011746692657471,7.9244592086128565,7.990088038011031,7.952647421360016,1.4294929790347488,4.216116619110108,7.942040168827978,7.6740267157554625,0.6427683185190666,6.8147397804260255,7.725147305036846,1.173285216226386,1.3262673396059637,7.946159038176903,1.6729422097840339,7.928803017560173,1.0415314338731751,7.799949902125768,1.3198155014136974,1.1371841577824904,0.48398843304466677,0.7390741919281443,1.0599080101394183,1.1814079703571279,1.3179721812430634,1.3555607996568828,0.3952735751153555,2.0368724167262213,1.2894006460665517,0.5211062106532819,1.7429541148386487,1.752706533051374,1.5295804258050962,1.2211979448164512,1.8871804464521271,7.865927325189114,1.820560625654257,0.6609724741806375,1.1059908693419083,1.2195465820885878,1.0124168823112567,1.9818451694074617,1.038638461887375,0.523653606822306,0.42084817663929863,0.3874664206561741,0.5684688790639804,0.5131111124701633,2.028133705742723,1.1395199206423239
2020-04-06,7.988898621286665,7.911079568448274,7.955395490472967,7.936611297130585,1.4138246850526761,4.211875224113465,7.932145381795949,7.620381534099579,0.8225198866216401,6.730638580322266,7.72287479701795,1.038638461887375,1.2258066079014476,7.932325695111201,1.5295804258050962,7.91172152968014,1.1395199206423239,7.7915614891052245,1.3262673396059637,1.3898917799679624,0.48689958748937834,0.5195856570809589,1.2211979448164512,1.173285216226386,1.4294929790347488,1.0809760283338135,0.3884753007263709,2.058122370539168,1.3179721812430634,0.523653606822306,1.8618365426009538,1.6729422097840339,1.3555607996568828,1.3198155014136974,1.820560625654257,7.861369010806084,1.752706533051374,1.0358404371270853,1.0599080101394183,1.4103283089669367,1.0415314338731751,1.8871804464521271,1.1253455860702026,0.48398843304466677,0.36549041004548155,0.4821687825300095,0.5131111124701633,0.4078990109882326,1.9818451694074617,1.0566666920979817
2020-04-07,7.967010995319911,7.899065585758375,7.92413821220398,7.921028771400452,1.4534562863163574,4.1943036079406735,7.92350528815697,7.569645088911057,0.8455763380492247,6.652475385665894,7.721186291544061,1.1253455860702026,1.23317974352062,7.9209857573876015,1.3555607996568828,7.8954682294060206,1.0566666920979817,7.783040770121983,1.2258066079014476,1.1814079703571279,0.5193021148596004,0.5684688790639804,1.3198155014136974,1.038638461887375,1.4138246850526761,0.7838235036346298,0.3874664206561741,2.028133705742723,1.4294929790347488,0.48398843304466677,1.946645361923836,1.5295804258050962,1.0809760283338135,1.3262673396059637,1.752706533051374,7.857185685634613,1.6729422097840339,1.2195465820885878,1.2211979448164512,1.6553782417506115,1.1395199206423239,1.820560625654257,1.1059908693419083,0.48689958748937834,0.3952735751153555,0.5211062106532819,0.4078990109882326,0.49854324697516944,1.8871804464521271,1.1371841577824904
2020-04-13,7.9023202419281,7.863152174327684,7.8255046844482425,7.874610311985016,1.5502302326162407,4.303671431541443,7.900964228860263,7.420109736919403,0.899946453408291,6.442767829895019,7.717158421717192,1.2211979448164512,1.4294929790347488,7.886539732492887,0.5039001496256156,7.851426932390998,1.1814079703571279,7.763647046770369,1.3179721812430634,1.1253455860702026,0.8225198866216401,0.49854324697516944,1.23317974352062,1.0599080101394183,1.5963130918187307,0.4622641678080338,0.523653606822306,1.820560625654257,1.5115206540962873,0.5361829041596721,2.028133705742723,0.7838235036346298,0.4985013814787994,1.2894006460665517,1.3555607996568828,7.847543819248676,1.0809760283338135,1.7429541148386487,1.2258066079014476,1.946645361923836,1.3898917799679624,1.5295804258050962,1.3198155014136974,0.6427683185190666,0.4821687825300095,0.48689958748937834,0.42084817663929863,0.36549041004548155,1.6729422097840339,1.173285216226386
2020-04-14,7.88080746786935,7.8521469551584,7.790406669269909,7.85943930387497,1.5603687111497753,4.358809757232666,7.892436328427545,7.371482086181641,0.9058320874304145,6.368785457611084,7.715495248844749,1.3198155014136974,1.4138246850526761,7.8743888689921455,0.4985013814787994,7.836887898164637,1.173285216226386,7.757590047291347,1.4294929790347488,1.1059908693419083,0.8455763380492247,0.4237617446429991,1.2894006460665517,1.2211979448164512,1.5502302326162407,0.5020832094285061,0.48398843304466677,1.752706533051374,1.5963130918187307,0.6427683185190666,1.9818451694074617,0.5039001496256156,0.4622641678080338,1.3179721812430634,1.0809760283338135,7.843526451289653,0.7838235036346298,1.8618365426009538,1.23317974352062,2.0368724167262213,1.1814079703571279,1.3555607996568828,1.3262673396059637,0.8225198866216401,0.5211062106532819,0.5193021148596004,0.36549041004548155,0.3952735751153555,1.5295804258050962,1.038638461887375
2020-04-15,7.8583888564791,7.840553140640258,7.753508112647316,7.843502502441407,1.5419350742533404,4.410009658336639,7.883209133148194,7.323658090829849,0.8951309116957845,6.2956513500213624,7.712609420324627,1.3262673396059637,1.4534562863163574,7.8618301795079155,0.4622641678080338,7.820425701141358,1.038638461887375,7.751334961482457,1.4138246850526761,1.0599080101394183,0.9573846739845476,0.42084817663929863,1.3179721812430634,1.3198155014136974,1.5603687111497753,0.5292230011542497,0.48689958748937834,1.6729422097840339,1.5502302326162407,0.8225198866216401,1.8871804464521271,0.4985013814787994,0.5020832094285061,1.4294929790347488,0.7838235036346298,7.838252256810665,0.5039001496256156,1.946645361923836,1.2894006460665517,2.058122370539168,1.173285216226386,1.0809760283338135,1.2258066079014476,0.8455763380492247,0.523653606822306,0.5361829041596721,0.3952735751153555,0.3884753007263709,1.3555607996568828,1.1253455860702026
2020-04-16,7.835156920978001,7.828243058660756,7.714683866500854,7.827213916778565,1.5096771888622889,4.477114868164063,7.872382451748026,7.2716911971569065,0.8764044225967202,6.22015414237976,7.709472311170478,1.2258066079014476,1.5115206540962873,7.848570112081674,0.5020832094285061,7.802908591663136,1.1253455860702026,7.745387874330793,1.4534562863163574,1.2211979448164512,0.9880204801143406,0.36549041004548155,1.4294929790347488,1.3262673396059637,1.5419350742533404,0.5564240711923472,0.5193021148596004,1.5295804258050962,1.5603687111497753,0.8455763380492247,1.820560625654257,0.4622641678080338,0.5292230011542497,1.4138246850526761,0.5039001496256156,7.8310887068510056,0.4985013814787994,2.0368724167262213,1.3179721812430634,2.028133705742723,1.038638461887375,0.7838235036346298,1.23317974352062,0.9573846739845476,0.48398843304466677,0.6427683185190666,0.3884753007263709,0.3874664206561741,1.0809760283338135,1.1059908693419083
2020-04-17,7.811794478552682,7.8172512469084365,7.6771777153015135,7.811281316280365,1.4488476232313612,4.536494660377502,7.862095313236631,7.218699598312378,0.8410913763793639,6.14441463470459,7.706728952809384,1.23317974352062,1.5963130918187307,7.835460741703327,0.5292230011542497,7.787213664896348,1.1059908693419083,7.739101928983416,1.5115206540962873,1.3198155014136974,0.899946453408291,0.3952735751153555,1.4138246850526761,1.2258066079014476,1.5096771888622889,0.5754850118584146,0.5361829041596721,1.3555607996568828,1.5419350742533404,0.9573846739845476,1.752706533051374,0.5020832094285061,0.5564240711923472,1.4534562863163574,0.4985013814787994,7.82377270013094,0.4622641678080338,2.058122370539168,1.4294929790347488,1.9818451694074617,1.1253455860702026,0.5039001496256156,1.2894006460665517,0.9880204801143406,0.48689958748937834,0.8225198866216401,0.3874664206561741,0.4821687825300095,0.7838235036346298,1.0599080101394183
2020-04-20,7.788487785203117,7.806775035028872,7.641091879931364,7.795296955108642,1.4299642965214188,4.596328890323639,7.851701022838724,7.1647648990154265,0.8630283950457401,6.069038648605346,7.702489819024739,1.2894006460665517,1.5502302326162407,7.822987450086154,0.5564240711923472,7.770604265437407,1.0599080101394183,7.732095496313913,1.5963130918187307,1.3262673396059637,0.9058320874304145,0.3884753007263709,1.4534562863163574,1.23317974352062,1.4488476232313612,0.5816372605061498,0.6427683185190666,1.0809760283338135,1.5096771888622889,0.9880204801143406,1.6729422097840339,0.5292230011542497,0.5754850118584146,1.5115206540962873,0.4622641678080338,7.816222140192986,0.5020832094285061,2.028133705742723,1.4138246850526761,1.8871804464521271,1.1059908693419083,0.4985013814787994,1.3179721812430634,0.899946453408291,0.5193021148596004,0.8455763380492247,0.4821687825300095,0.5211062106532819,0.5039001496256156,1.2211979448164512
2020-04-22,7.766763840402875,7.79628095626831,7.607047440788962,7.781172397136689,1.4140069724885846,4.675855326652527,7.84151558711611,7.115167135000229,0.8533976484720089,5.993723268508911,7.698167770787289,1.3179721812430634,1.5603687111497753,7.8103975185981165,0.5754850118584146,7.7569397140951715,1.2211979448164512,7.725620196206229,1.5502302326162407,1.2258066079014476,0.8951309116957845,0.3874664206561741,1.5115206540962873,1.2894006460665517,1.4299642965214188,0.537175354919603,0.8225198866216401,0.7838235036346298,1.4488476232313612,0.899946453408291,1.5295804258050962,0.5564240711923472,0.5816372605061498,1.5963130918187307,0.5020832094285061,7.809071612358093,0.5292230011542497,1.9818451694074617,1.4534562863163574,1.820560625654257,1.0599080101394183,0.4622641678080338,1.4294929790347488,0.9058320874304145,0.5361829041596721,0.9573846739845476,0.5211062106532819,0.523653606822306,0.4985013814787994,1.3198155014136974
2020-04-23,7.744709379332406,7.7848128318786625,7.570342475717718,7.766820638179779,1.3640065491549611,4.731902623176575,7.831882873074762,7.065430289506912,0.8962010882182219,5.921134538650513,7.693834284732216,1.4294929790347488,1.5419350742533404,7.797691026100746,0.5816372605061498,7.744836467855117,1.3198155014136974,7.719987569536482,1.5603687111497753,1.23317974352062,0.8764044225967202,0.4821687825300095,1.5963130918187307,1.3179721812430634,1.4140069724885846,0.5116826902973511,0.8455763380492247,0.5039001496256156,1.4299642965214188,0.9058320874304145,1.3555607996568828,0.5754850118584146,0.537175354919603,1.5502302326162407,0.5292230011542497,7.80224789083004,0.5564240711923472,1.8871804464521271,1.5115206540962873,1.752706533051374,1.2211979448164512,0.5020832094285061,1.4138246850526761,0.8951309116957845,0.6427683185190666,0.9880204801143406,0.523653606822306,0.48398843304466677,0.4622641678080338,1.3262673396059637
2020-04-24,7.720575741359165,7.772155556471452,7.533258125998757,7.75064483165741,1.3211225581776012,4.7565937519073485,7.820841483412118,7.0103750109672545,0.9069021797400314,5.841274795532226,7.688748123771266,1.4138246850526761,1.5096771888622889,7.783289254628695,0.537175354919603,7.7315098930807675,1.3262673396059637,7.7134245668138774,1.5419350742533404,1.2894006460665517,0.8410913763793639,0.5211062106532819,1.5502302326162407,1.4294929790347488,1.3640065491549611,0.46896288432078637,0.9573846739845476,0.4985013814787994,1.4140069724885846,0.8951309116957845,1.0809760283338135,0.5816372605061498,0.5116826902973511,1.5603687111497753,0.5564240711923472,7.794000938534737,0.5754850118584146,1.820560625654257,1.5963130918187307,1.6729422097840339,1.3198155014136974,0.5292230011542497,1.4534562863163574,0.8764044225967202,0.8225198866216401,0.899946453408291,0.48398843304466677,0.48689958748937834,0.5020832094285061,1.2258066079014476
2020-04-27,7.697757353101458,7.76073315454566,7.496390464089133,7.735211691856384,1.2431801164105003,4.787798452377319,7.810595426888302,6.9570922493934635,0.8533976484720089,5.762323932647705,7.682099051224558,1.4534562863163574,1.4488476232313612,7.769571603261507,0.5116826902973511,7.71886482519262,1.2258066079014476,7.7079260798863,1.5096771888622889,1.3179721812430634,0.8630283950457401,0.523653606822306,1.5603687111497753,1.4138246850526761,1.3211225581776012,0.4002347050163213,0.9880204801143406,0.4622641678080338,1.3640065491549611,0.8764044225967202,0.7838235036346298,0.537175354919603,0.46896288432078637,1.5419350742533404,0.5754850118584146,7.786428947746754,0.5816372605061498,1.752706533051374,1.5502302326162407,1.5295804258050962,1.3262673396059637,0.5564240711923472,1.5115206540962873,0.8410913763793639,0.8455763380492247,0.9058320874304145,0.48689958748937834,0.5193021148596004,0.5292230011542497,1.23317974352062
2020-04-28,7.676754937853132,7.750044362441353,7.462348391792991,7.720622200965881,1.282151324159355,4.847632598876953,7.801619883241324,6.908126640319824,0.8801499562124304,5.6842819023132325,7.6759243199699805,1.5115206540962873,1.4299642965214188,7.757214672748859,0.46896288432078637,7.707662896549,1.23317974352062,7.703217255728585,1.4488476232313612,1.4294929790347488,0.8533976484720089,0.48398843304466677,1.5419350742533404,1.4534562863163574,1.2431801164105003,0.3807119580667061,0.899946453408291,0.5020832094285061,1.3211225581776012,0.8410913763793639,0.5039001496256156,0.5116826902973511,0.4002347050163213,1.5096771888622889,0.5816372605061498,7.779861743748188,0.537175354919603,1.6729422097840339,1.5603687111497753,1.3555607996568828,1.2258066079014476,0.5754850118584146,1.5963130918187307,0.8630283950457401,0.9573846739845476,0.8951309116957845,0.5193021148596004,0.5361829041596721,0.5564240711923472,1.2894006460665517
2020-05-04,7.62324413231441,7.7188280126322875,7.370235564491965,7.676682562828064,1.3551049943340159,5.028801536560058,7.776030385905298,6.7629718542098995,0.9657569199176766,5.472998905181885,7.661388058411448,1.5603687111497753,1.3211225581776012,7.729755192536574,0.3696995491190991,7.672361012066112,1.4294929790347488,7.688021101270404,1.3640065491549611,1.5115206540962873,0.8533976484720089,0.5361829041596721,1.4299642965214188,1.5502302326162407,1.366366448122459,0.32578006818138694,0.8764044225967202,0.5754850118584146,1.3445047658521443,0.8962010882182219,0.5020832094285061,0.3807119580667061,0.3606523919397991,1.4140069724885846,0.46896288432078637,7.7623706921935085,0.4002347050163213,1.0809760283338135,1.4488476232313612,0.5039001496256156,1.3179721812430634,0.5116826902973511,1.5419350742533404,0.9069021797400314,0.9058320874304145,0.8630283950457401,0.8225198866216401,0.8455763380492247,0.537175354919603,1.4138246850526761
2020-05-05,7.60657616342817,7.708971264051354,7.341462421417236,7.662357759475708,1.1640992993080967,5.065610933303833,7.767775675346112,6.7146878957748415,0.9299091222903836,5.401440181732178,7.655830309265538,1.5419350742533404,1.2431801164105003,7.720525457308843,0.3606523919397991,7.662493506599875,1.4138246850526761,7.682929548536028,1.3211225581776012,1.5963130918187307,0.8801499562124304,0.6427683185190666,1.4140069724885846,1.5603687111497753,1.3551049943340159,0.3011566928089662,0.8410913763793639,0.5816372605061498,1.366366448122459,0.9069021797400314,0.5292230011542497,0.3696995491190991,0.32578006818138694,1.3640065491549611,0.4002347050163213,7.756300976872444,0.3807119580667061,0.7838235036346298,1.4299642965214188,0.4985013814787994,1.4294929790347488,0.46896288432078637,1.5096771888622889,0.8533976484720089,0.8951309116957845,0.8533976484720089,0.8455763380492247,0.9573846739845476,0.5116826902973511,1.4534562863163574
2020-05-06,7.588798012052264,7.699013513067494,7.307964819127863,7.64754864692688,1.2016075105071442,5.094997882843018,7.758770811146703,6.664624047279358,0.9598715385340146,5.321035099029541,7.649954409348338,1.5096771888622889,1.282151324159355,7.7104928511839645,0.32578006818138694,7.650786259595086,1.4534562863163574,7.6768779468536374,1.2431801164105003,1.5502302326162407,0.9229533117458228,0.8225198866216401,1.3640065491549611,1.5419350742533404,1.1640992993080967,0.2792952638182415,0.8630283950457401,0.537175354919603,1.3551049943340159,0.8533976484720089,0.5564240711923472,0.3606523919397991,0.3011566928089662,1.3211225581776012,0.3807119580667061,7.749386495351791,0.3696995491190991,0.5039001496256156,1.4140069724885846,0.4622641678080338,1.4138246850526761,0.4002347050163213,1.4488476232313612,0.8801499562124304,0.8764044225967202,0.8962010882182219,0.9573846739845476,0.9880204801143406,0.46896288432078637,1.5115206540962873
2020-05-07,7.570305923053197,7.688703056003736,7.274554720791904,7.633202795982361,1.1383397860662383,5.120294857025146,7.749922989154684,6.615544843673706,0.9245585765294788,5.24541675567627,7.644763330409401,1.4488476232313612,1.3445047658521443,7.699688084308917,0.3011566928089662,7.638927613987642,1.5115206540962873,7.671450786590576,1.282151324159355,1.5603687111497753,0.9737827385590339,0.8455763380492247,1.3211225581776012,1.5096771888622889,1.2016075105071442,0.2402320274935704,0.8533976484720089,0.5116826902973511,1.1640992993080967,0.8801499562124304,0.5754850118584146,0.32578006818138694,0.2792952638182415,1.2431801164105003,0.3696995491190991,7.742504368722439,0.3606523919397991,0.4985013814787994,1.3640065491549611,0.5020832094285061,1.4534562863163574,0.3807119580667061,1.4299642965214188,0.9229533117458228,0.8410913763793639,0.9069021797400314,0.9880204801143406,0.899946453408291,0.4002347050163213,1.5963130918187307
2020-05-08,7.553597906657628,7.679493574474169,7.244688112085516,7.620682678222656,1.1413611159851202,5.151802515983581,7.742262743259299,6.57089638710022,0.9331193150064137,5.180826110839844,7.640237939985175,1.4299642965214188,1.366366448122459,7.690275586568392,0.2792952638182415,7.6273333353154795,1.5963130918187307,7.666745669501168,1.3445047658521443,1.5419350742533404,0.9657569199176766,0.9573846739845476,1.2431801164105003,1.4488476232313612,1.1383397860662383,0.24339949119910578,0.8962010882182219,0.46896288432078637,1.2016075105071442,0.9229533117458228,0.5816372605061498,0.3011566928089662,0.2402320274935704,1.282151324159355,0.3606523919397991,7.736973391473294,0.32578006818138694,0.4622641678080338,1.3211225581776012,0.5292230011542497,1.5115206540962873,0.3696995491190991,1.4140069724885846,0.9737827385590339,0.8630283950457401,0.8533976484720089,0.899946453408291,0.9058320874304145,0.3807119580667061,1.5502302326162407
2020-05-11,7.535073188373021,7.670284816493159,7.215379563244906,7.6077657675743104,1.2094240208244182,5.1643753290176395,7.733165767275054,6.524771028757096,0.9887641151064903,5.131989240646362,7.634996218430368,1.4140069724885846,1.3551049943340159,7.680207909070528,0.2402320274935704,7.615150962156408,1.5502302326162407,7.662540514809745,1.366366448122459,1.5096771888622889,0.9299091222903836,0.9880204801143406,1.282151324159355,1.4299642965214188,1.1413611159851202,0.225033732691075,0.9069021797400314,0.4002347050163213,1.1383397860662383,0.9737827385590339,0.537175354919603,0.2792952638182415,0.24339949119910578,1.3445047658521443,0.32578006818138694,7.730855095386505,0.3011566928089662,0.5020832094285061,1.2431801164105003,0.5564240711923472,1.5963130918187307,0.3606523919397991,1.3640065491549611,0.9657569199176766,0.8533976484720089,0.8801499562124304,0.9058320874304145,0.8951309116957845,0.3696995491190991,1.5603687111497753
2020-05-12,7.516420790127346,7.660525031711744,7.185663132234053,7.59476006269455,1.1878271890612904,5.184370517730713,7.724311118290342,6.479857450723648,0.9587955269904438,5.088605604171753,7.629991719597264,1.3640065491549611,1.1640992993080967,7.670218794162457,0.24339949119910578,7.6032999852124385,1.5603687111497753,7.658180915287563,1.3551049943340159,1.4488476232313612,0.9598715385340146,0.899946453408291,1.3445047658521443,1.4140069724885846,1.2094240208244182,0.21572664101687455,0.8533976484720089,0.3807119580667061,1.1413611159851202,0.9657569199176766,0.5116826902973511,0.2402320274935704,0.225033732691075,1.366366448122459,0.3011566928089662,7.724626527726651,0.2792952638182415,0.5292230011542497,1.282151324159355,0.5754850118584146,1.5502302326162407,0.32578006818138694,1.3211225581776012,0.9299091222903836,0.8962010882182219,0.9229533117458228,0.8951309116957845,0.8764044225967202,0.3606523919397991,1.5419350742533404
2020-05-13,7.495963314601354,7.649426107821257,7.153888633034446,7.580877060890198,1.1871723775309053,5.194368171691894,7.714275233498935,6.4345651984214784,0.9582669733656937,5.041647100448609,7.624935092424091,1.3211225581776012,1.2016075105071442,7.659363264303941,0.225033732691075,7.5899450189927045,1.5419350742533404,7.654422433035714,1.1640992993080967,1.4299642965214188,0.9245585765294788,0.9058320874304145,1.366366448122459,1.3640065491549611,1.1878271890612904,0.23732815861376422,0.8801499562124304,0.3696995491190991,1.2094240208244182,0.9299091222903836,0.46896288432078637,0.24339949119910578,0.21572664101687455,1.3551049943340159,0.2792952638182415,7.718582814931869,0.2402320274935704,0.5564240711923472,1.3445047658521443,0.5816372605061498,1.5603687111497753,0.3011566928089662,1.2431801164105003,0.9598715385340146,0.9069021797400314,0.9737827385590339,0.8764044225967202,0.8410913763793639,0.32578006818138694,1.5096771888622889
2020-05-14,7.474394965171814,7.638217770535013,7.122623135826805,7.566956598758697,1.1511781386221123,5.204517340660095,7.703949862513049,6.388667041063309,0.9292129867412172,4.986326942443847,7.619251463287755,1.2431801164105003,1.1383397860662383,7.648885041016799,0.21572664101687455,7.575098971759572,1.5096771888622889,7.650620967320034,1.2016075105071442,1.4140069724885846,0.9331193150064137,0.8951309116957845,1.3551049943340159,1.3211225581776012,1.1871723775309053,0.24902238355471223,0.9229533117458228,0.3606523919397991,1.1878271890612904,0.9598715385340146,0.4002347050163213,0.225033732691075,0.23732815861376422,1.1640992993080967,0.2402320274935704,7.711809433996677,0.24339949119910578,0.5754850118584146,1.366366448122459,0.537175354919603,1.5419350742533404,0.2792952638182415,1.282151324159355,0.9245585765294788,0.8533976484720089,0.9657569199176766,0.8410913763793639,0.8630283950457401,0.3011566928089662,1.4488476232313612
2020-05-15,7.452858100618635,7.626027034676594,7.090886410799894,7.553334867954254,1.1387434149592153,5.216181206703186,7.693302646176568,6.340572428703308,0.9191758723047565,4.932400379180908,7.612417468271757,1.282151324159355,1.1413611159851202,7.637980074148912,0.23732815861376422,7.559580376568962,1.4488476232313612,7.646594997133527,1.1383397860662383,1.3640065491549611,0.9887641151064903,0.8764044225967202,1.1640992993080967,1.2431801164105003,1.1511781386221123,0.25907474058755997,0.9737827385590339,0.32578006818138694,1.1871723775309053,0.9245585765294788,0.3807119580667061,0.21572664101687455,0.24902238355471223,1.2016075105071442,0.24339949119910578,7.7045702874660495,0.225033732691075,0.5816372605061498,1.3551049943340159,0.5116826902973511,1.5096771888622889,0.2402320274935704,1.3445047658521443,0.9331193150064137,0.8801499562124304,0.9299091222903836,0.8630283950457401,0.8533976484720089,0.2792952638182415,1.4299642965214188
2020-05-18,7.434456402914865,7.616064198120781,7.063222468983043,7.542923216819763,1.1223818822415217,5.258898329734802,7.683612108230591,6.297173655033111,0.9059690990225,4.881806392669677,7.607568407058716,1.3445047658521443,1.2094240208244182,7.628988198133615,0.24902238355471223,7.546311914219576,1.4299642965214188,7.643723614556449,1.1413611159851202,1.3211225581776012,0.9587955269904438,0.8410913763793639,1.2016075105071442,1.282151324159355,1.1387434149592153,0.26068193527841665,0.9657569199176766,0.3011566928089662,1.1511781386221123,0.9331193150064137,0.3696995491190991,0.23732815861376422,0.25907474058755997,1.1383397860662383,0.225033732691075,7.698683765530586,0.21572664101687455,0.537175354919603,1.1640992993080967,0.46896288432078637,1.4488476232313612,0.24339949119910578,1.366366448122459,0.9887641151064903,0.9229533117458228,0.9598715385340146,0.8533976484720089,0.8962010882182219,0.2402320274935704,1.4140069724885846
2020-05-19,7.415997202055795,7.6058631814044455,7.0340968608856205,7.532370202541351,1.2133506238664635,5.297525525093079,7.673602722431052,6.255744141340256,0.9793976443270335,4.841755332946778,7.601657010379591,1.366366448122459,1.1878271890612904,7.620588302612305,0.25907474058755997,7.532577018176808,1.4140069724885846,7.6412244919368195,1.2094240208244182,1.2431801164105003,0.9582669733656937,0.8630283950457401,1.1383397860662383,1.3445047658521443,1.1223818822415217,0.2594716676306931,0.9299091222903836,0.2792952638182415,1.1387434149592153,0.9887641151064903,0.3606523919397991,0.24902238355471223,0.26068193527841665,1.1413611159851202,0.21572664101687455,7.692728208005429,0.23732815861376422,0.5116826902973511,1.2016075105071442,0.4002347050163213,1.4299642965214188,0.225033732691075,1.3551049943340159,0.9587955269904438,0.9737827385590339,0.9245585765294788,0.8962010882182219,0.9069021797400314,0.24339949119910578,1.3640065491549611
2020-05-20,7.397183404650007,7.596632507573004,7.00561936118386,7.5229625272750855,1.2225131439921977,5.348271012306213,7.664473594468215,6.217912268638611,0.9867934497638838,4.820366497039795,7.596522258457385,1.3551049943340159,1.1871723775309053,7.612775424810557,0.26068193527841665,7.519650173187256,1.3640065491549611,7.639407818658011,1.1878271890612904,1.282151324159355,0.9292129867412172,0.8533976484720089,1.1413611159851202,1.366366448122459,1.2133506238664635,0.25318463218088205,0.9598715385340146,0.2402320274935704,1.1223818822415217,0.9587955269904438,0.32578006818138694,0.25907474058755997,0.2594716676306931,1.2094240208244182,0.23732815861376422,7.687148879468441,0.24902238355471223,0.46896288432078637,1.1383397860662383,0.3807119580667061,1.4140069724885846,0.21572664101687455,1.1640992993080967,0.9582669733656937,0.9657569199176766,0.9331193150064137,0.9069021797400314,0.8533976484720089,0.225033732691075,1.3211225581776012
2020-05-21,7.377325814110892,7.5871929106505025,6.976023934104226,7.513623850345612,1.2630890034861724,5.385231995582581,7.655644106042796,6.1783004879951475,0.9927982873893549,4.839392290115357,7.591522713711387,1.1640992993080967,1.1511781386221123,7.604924656794622,0.2594716676306931,7.506928923550774,1.3211225581776012,7.63820055280413,1.1871723775309053,1.3445047658521443,0.9191758723047565,0.8962010882182219,1.2094240208244182,1.3551049943340159,1.2225131439921977,0.24453562394490236,0.9245585765294788,0.24339949119910578,1.2133506238664635,0.9582669733656937,0.3011566928089662,0.26068193527841665,0.25318463218088205,1.1878271890612904,0.24902238355471223,7.681419596076012,0.25907474058755997,0.4002347050163213,1.1413611159851202,0.3696995491190991,1.3640065491549611,0.23732815861376422,1.2016075105071442,0.9292129867412172,0.9299091222903836,0.9887641151064903,0.8533976484720089,0.8801499562124304,0.21572664101687455,1.2431801164105003
2020-05-22,7.357678771018982,7.576632951653522,6.945376651937312,7.5032471179962155,1.255890196906964,5.411286354064941,7.647848694899986,6.13804492354393,0.9706626246698802,4.846117935180664,7.585484458270826,1.2016075105071442,1.1387434149592153,7.596941958940946,0.25318463218088205,7.492949199676514,1.2431801164105003,7.636340697152274,1.1511781386221123,1.366366448122459,0.9059690990225,0.9069021797400314,1.1878271890612904,1.1640992993080967,1.2630890034861724,0.24366520128946692,0.9331193150064137,0.225033732691075,1.2225131439921977,0.9292129867412172,0.2792952638182415,0.2594716676306931,0.24453562394490236,1.1871723775309053,0.25907474058755997,7.675738619267941,0.26068193527841665,0.3807119580667061,1.2094240208244182,0.3606523919397991,1.3211225581776012,0.24902238355471223,1.1383397860662383,0.9191758723047565,0.9598715385340146,0.9587955269904438,0.8801499562124304,0.9229533117458228,0.23732815861376422,1.282151324159355
2020-05-25,7.337812607628958,7.567050293217535,6.916335426677357,7.493699743747711,1.2218584354681878,5.464758396148682,7.640555689252656,6.1056662678718565,0.9443598802407438,4.868112668991089,7.580812705190558,1.1383397860662383,1.1223818822415217,7.588751963468698,0.24453562394490236,7.480727302326875,1.282151324159355,7.635797500610352,1.1387434149592153,1.3551049943340159,0.9793976443270335,0.8533976484720089,1.1871723775309053,1.2016075105071442,1.255890196906964,0.24730750583792496,0.9887641151064903,0.21572664101687455,1.2630890034861724,0.9191758723047565,0.2402320274935704,0.25318463218088205,0.24366520128946692,1.1511781386221123,0.26068193527841665,7.671191030740738,0.2594716676306931,0.3696995491190991,1.1878271890612904,0.32578006818138694,1.2431801164105003,0.25907474058755997,1.1413611159851202,0.9059690990225,0.9245585765294788,0.9582669733656937,0.9229533117458228,0.9737827385590339,0.24902238355471223,1.3445047658521443
2020-05-26,7.317615481785365,7.556744656355485,6.887926136363636,7.485868673324585,1.2344737585821004,5.5135345458984375,7.632156853840269,6.071091163158417,0.985330971455706,4.910950918197631,7.576953702223928,1.1413611159851202,1.2133506238664635,7.581392779717079,0.24366520128946692,7.466783501120174,1.3445047658521443,7.63537017413548,1.1223818822415217,1.1640992993080967,0.9867934497638838,0.8801499562124304,1.1511781386221123,1.1383397860662383,1.2218584354681878,0.25919909680431136,0.9587955269904438,0.23732815861376422,1.255890196906964,0.9059690990225,0.24339949119910578,0.24453562394490236,0.24730750583792496,1.1387434149592153,0.2594716676306931,7.6667866736650465,0.25318463218088205,0.3606523919397991,1.1871723775309053,0.3011566928089662,1.282151324159355,0.26068193527841665,1.2094240208244182,0.9793976443270335,0.9331193150064137,0.9292129867412172,0.9737827385590339,0.9657569199176766,0.25907474058755997,1.366366448122459
2020-05-27,7.297514516966683,7.546819910795793,6.858684509450739,7.477945477962494,1.1828021463229081,5.554130959510803,7.625333957014413,6.0373113572597505,0.9790940730162294,4.938398914337158,7.5740078511991,1.2094240208244182,1.2225131439921977,7.574505835313063,0.24730750583792496,7.453949123270371,1.366366448122459,7.634458683558873,1.2133506238664635,1.2016075105071442,0.9927982873893549,0.9229533117458228,1.1387434149592153,1.1413611159851202,1.2344737585821004,0.25892647673871594,0.9582669733656937,0.24902238355471223,1.2218584354681878,0.9793976443270335,0.225033732691075,0.24366520128946692,0.25919909680431136,1.1223818822415217,0.25318463218088205,7.662894198298455,0.24453562394490236,0.32578006818138694,1.1511781386221123,0.2792952638182415,1.3445047658521443,0.2594716676306931,1.1878271890612904,0.9867934497638838,0.9887641151064903,0.9191758723047565,0.9657569199176766,0.9299091222903836,0.26068193527841665,1.3551049943340159
2020-05-28,7.276516032218933,7.537632050721542,6.831691616231745,7.4701922678947446,1.191985517216372,5.5779131889343265,7.617615920099719,6.002584797143936,0.9920360108854303,4.97887412071228,7.57085270379719,1.1878271890612904,1.2630890034861724,7.5683127329899715,0.25919909680431136,7.441650331721586,1.3551049943340159,7.633417072296143,1.2225131439921977,1.1383397860662383,0.9706626246698802,0.9737827385590339,1.1223818822415217,1.2094240208244182,1.1828021463229081,0.242974894804338,0.9292129867412172,0.25907474058755997,1.2344737585821004,0.9867934497638838,0.21572664101687455,0.24730750583792496,0.25892647673871594,1.2133506238664635,0.24453562394490236,7.658043894171715,0.24366520128946692,0.3011566928089662,1.1387434149592153,0.2402320274935704,1.366366448122459,0.25318463218088205,1.1871723775309053,0.9927982873893549,0.9587955269904438,0.9059690990225,0.9299091222903836,0.9598715385340146,0.2594716676306931,1.1640992993080967
2020-05-29,7.256093696185521,7.528990111143693,6.8078170212832365,7.462197971343994,1.1824162219248444,5.612601923942566,7.610493350851125,5.971872407197952,0.9840719161956214,5.023348364830017,7.568248583141126,1.1871723775309053,1.255890196906964,7.562670951623183,0.25892647673871594,7.4302450881284825,1.1640992993080967,7.632022706440517,1.2630890034861724,1.1413611159851202,0.9443598802407438,0.9657569199176766,1.2133506238664635,1.1878271890612904,1.191985517216372,0.23920044165240548,0.9191758723047565,0.26068193527841665,1.1828021463229081,0.9927982873893549,0.23732815861376422,0.25919909680431136,0.242974894804338,1.2225131439921977,0.24366520128946692,7.6534308552742,0.24730750583792496,0.2792952638182415,1.1223818822415217,0.24339949119910578,1.3551049943340159,0.24453562394490236,1.1511781386221123,0.9706626246698802,0.9582669733656937,0.9793976443270335,0.9598715385340146,0.9245585765294788,0.25318463218088205,1.2016075105071442
2020-06-01,7.235564919880458,7.520898464451665,6.782719629461115,7.454291620254517,1.216507030554388,5.657288265228272,7.60342100899795,5.9421446323394775,1.0,5.078123216629028,7.56644636706302,1.1511781386221123,1.2218584354681878,7.557152949846708,0.242974894804338,7.419328425912296,1.2016075105071442,7.629463570458548,1.255890196906964,1.2094240208244182,0.985330971455706,0.9299091222903836,1.2225131439921977,1.1871723775309053,1.1824162219248444,0.2561367390489104,0.9059690990225,0.2594716676306931,1.191985517216372,0.9706626246698802,0.24902238355471223,0.25892647673871594,0.23920044165240548,1.2630890034861724,0.24730750583792496,7.64798367023468,0.25919909680431136,0.2402320274935704,1.2133506238664635,0.225033732691075,1.1640992993080967,0.24366520128946692,1.1387434149592153,0.9443598802407438,0.9292129867412172,0.9867934497638838,0.9245585765294788,0.9331193150064137,0.24453562394490236,1.1383397860662383
2020-06-02,7.217500015667507,7.5139857250711195,6.758694739775224,7.448933882713318,1.2159091790527745,5.709700083732605,7.597173263286722,5.914764815568924,0.9888132515461723,5.13380693435669,7.564858233301263,1.1387434149592153,1.2344737585821004,7.5535701549970184,0.23920044165240548,7.40948047357447,1.1383397860662383,7.627336335863386,1.2218584354681878,1.1878271890612904,0.9790940730162294,0.9598715385340146,1.2630890034861724,1.1511781386221123,1.216507030554388,0.27367956214784533,0.9793976443270335,0.25318463218088205,1.1824162219248444,0.9443598802407438,0.25907474058755997,0.242974894804338,0.2561367390489104,1.255890196906964,0.25919909680431136,7.643650294840336,0.25892647673871594,0.24339949119910578,1.2225131439921977,0.21572664101687455,1.2016075105071442,0.24730750583792496,1.1223818822415217,0.985330971455706,0.9191758723047565,0.9927982873893549,0.9331193150064137,0.9887641151064903,0.24366520128946692,1.1413611159851202
2020-06-03,7.2010920592716765,7.507357271857884,6.734672485698353,7.443177533149719,1.279904423775294,5.773169803619385,7.591756960441327,5.888558924198151,1.0,5.19118718624115,7.562805803198564,1.1223818822415217,1.1828021463229081,7.550734767547021,0.2561367390489104,7.4001239496118885,1.1413611159851202,7.6252110467638285,1.2344737585821004,1.1871723775309053,0.9920360108854303,0.9245585765294788,1.255890196906964,1.1387434149592153,1.2159091790527745,0.30160987679512946,0.9867934497638838,0.24453562394490236,1.216507030554388,0.985330971455706,0.26068193527841665,0.23920044165240548,0.27367956214784533,1.2218584354681878,0.25892647673871594,7.639456494152546,0.242974894804338,0.225033732691075,1.2630890034861724,0.23732815861376422,1.1383397860662383,0.25919909680431136,1.2133506238664635,0.9790940730162294,0.9059690990225,0.9706626246698802,0.9887641151064903,0.9587955269904438,0.24730750583792496,1.2094240208244182
2020-06-04,7.184470316341945,7.50123958794967,6.711490878191861,7.438651885986328,1.284090796311862,5.833609938621521,7.585358553919299,5.85920986533165,0.9799178212176214,5.251354646682739,7.560572880192807,1.2133506238664635,1.191985517216372,7.546904791318453,0.27367956214784533,7.390573902691112,1.2094240208244182,7.622724405016218,1.1828021463229081,1.1511781386221123,0.9840719161956214,0.9331193150064137,1.2218584354681878,1.1223818822415217,1.279904423775294,0.3134382159020215,0.9927982873893549,0.24366520128946692,1.2159091790527745,0.9790940730162294,0.2594716676306931,0.2561367390489104,0.30160987679512946,1.2344737585821004,0.242974894804338,7.63465670645237,0.23920044165240548,0.21572664101687455,1.255890196906964,0.24902238355471223,1.1413611159851202,0.25892647673871594,1.2225131439921977,0.9920360108854303,0.9793976443270335,0.9443598802407438,0.9587955269904438,0.9582669733656937,0.25919909680431136,1.1878271890612904
2020-06-17,7.048701109204973,7.442299307947573,6.513021096316251,7.409405925273895,1.1645778294909122,6.253661513328552,7.539978992527929,5.616616225242614,0.9279202227852685,5.611390151977539,7.548112186632658,1.1824162219248444,1.3474880012627313,7.508925691017738,0.4791625105952258,7.318693834192612,1.2630890034861724,7.60363886151995,1.321770220111379,1.2344737585821004,0.9431178446373699,0.9867934497638838,1.284090796311862,1.191985517216372,1.1551339585243487,0.42359278937402156,0.9888132515461723,0.30160987679512946,1.2011664210314075,0.9596178776618507,0.23920044165240548,0.47243830129026504,0.4621619356005659,1.2816984489552254,0.39570487326953957,7.599725733697414,0.43542870219995145,0.24366520128946692,1.279904423775294,0.25919909680431136,1.2225131439921977,0.381860620438192,1.216507030554388,0.9782892338409551,0.9840719161956214,0.9799178212176214,0.9706626246698802,0.9443598802407438,0.3586970461173539,1.255890196906964
2020-06-18,7.031729984283447,7.435112161221712,6.488509013436057,7.405998659133911,1.1683926769680855,6.288501644134522,7.535497272425684,5.582722783088684,0.9309598428357875,5.649320507049561,7.545982497616818,1.216507030554388,1.2990432026283865,7.505150675773621,0.4621619356005659,7.311751702252557,1.255890196906964,7.601056417737689,1.3474880012627313,1.1828021463229081,0.9292229073293584,0.9927982873893549,1.2816984489552254,1.1824162219248444,1.1645778294909122,0.3649262906615383,1.0,0.3134382159020215,1.1551339585243487,0.9782892338409551,0.2561367390489104,0.4791625105952258,0.42359278937402156,1.321770220111379,0.43542870219995145,7.595655009150505,0.47243830129026504,0.24730750583792496,1.284090796311862,0.25892647673871594,1.2630890034861724,0.39570487326953957,1.2159091790527745,0.9431178446373699,1.0,0.9780921685332129,0.9443598802407438,0.985330971455706,0.381860620438192,1.2218584354681878
2020-06-19,7.014200057302203,7.427945860572483,6.463914329355413,7.402023415565491,1.1771116911723671,6.323038792610168,7.530020312605233,5.550722831487656,0.9379070381180827,5.683857717514038,7.5441967474786855,1.2159091790527745,1.279904423775294,7.5007257369848395,0.42359278937402156,7.303704811544979,1.2218584354681878,7.598252533503941,1.2990432026283865,1.191985517216372,0.8944854957164018,0.9706626246698802,1.321770220111379,1.216507030554388,1.1683926769680855,0.34654718763923836,0.9799178212176214,0.3586970461173539,1.1645778294909122,0.9431178446373699,0.27367956214784533,0.4621619356005659,0.3649262906615383,1.3474880012627313,0.47243830129026504,7.59145204871893,0.4791625105952258,0.25919909680431136,1.2816984489552254,0.242974894804338,1.255890196906964,0.43542870219995145,1.279904423775294,0.9292229073293584,0.9888132515461723,0.9596178776618507,0.985330971455706,0.9790940730162294,0.39570487326953957,1.2344737585821004
2020-06-22,6.996078477587019,7.420312305118727,6.438245504552667,7.395909807682037,1.1700272562551726,6.357576012611389,7.524161886346751,5.519707500934601,0.9322622540081668,5.71142689704895,7.541832312784697,1.279904423775294,1.2011664210314075,7.495456987160903,0.3649262906615383,7.294347067440257,1.2344737585821004,7.595333656583514,1.279904423775294,1.1824162219248444,0.8988275952822278,0.9443598802407438,1.3474880012627313,1.2159091790527745,1.1771116911723671,0.32621403781986874,0.9780921685332129,0.381860620438192,1.1683926769680855,0.9292229073293584,0.30160987679512946,0.42359278937402156,0.34654718763923836,1.2990432026283865,0.4791625105952258,7.586848406493663,0.4621619356005659,0.25892647673871594,1.321770220111379,0.23920044165240548,1.2218584354681878,0.47243830129026504,1.284090796311862,0.8944854957164018,1.0,0.9782892338409551,0.9790940730162294,0.9920360108854303,0.43542870219995145,1.1828021463229081
2020-06-23,6.980624273845128,7.413690434331479,6.414339351654053,7.390856549739838,1.0939948038278384,6.390446949005127,7.518792078412813,5.502438855171204,0.909682980882648,5.737663059234619,7.5407495435915495,1.284090796311862,1.1551339585243487,7.491389054518479,0.34654718763923836,7.285328780903535,1.1828021463229081,7.592769362585885,1.2011664210314075,1.216507030554388,0.9279202227852685,0.985330971455706,1.2990432026283865,1.279904423775294,1.1700272562551726,0.3176025630256496,0.9596178776618507,0.39570487326953957,1.1771116911723671,0.8944854957164018,0.3134382159020215,0.3649262906615383,0.32621403781986874,1.279904423775294,0.4621619356005659,7.5819178715348245,0.42359278937402156,0.242974894804338,1.3474880012627313,0.2561367390489104,1.2344737585821004,0.4791625105952258,1.2816984489552254,0.8988275952822278,0.9799178212176214,0.9431178446373699,0.9920360108854303,0.9840719161956214,0.47243830129026504,1.191985517216372
2020-06-24,6.963464662006923,7.4061483507571015,6.389551856301048,7.38511552810669,1.1305482131713789,6.410593748092651,7.512824119370559,5.486154854297638,0.9400780195580679,5.762990369796753,7.539014285489133,1.2816984489552254,1.1645778294909122,7.486087943957402,0.32621403781986874,7.275064816194422,1.191985517216372,7.589550277165004,1.1551339585243487,1.2159091790527745,0.9309598428357875,0.9790940730162294,1.279904423775294,1.284090796311862,1.0939948038278384,0.3003495588894662,0.9782892338409551,0.43542870219995145,1.1700272562551726,0.8988275952822278,0.3586970461173539,0.34654718763923836,0.3176025630256496,1.2011664210314075,0.42359278937402156,7.5766010388731955,0.3649262906615383,0.23920044165240548,1.2990432026283865,0.27367956214784533,1.1828021463229081,0.4621619356005659,1.321770220111379,0.9279202227852685,0.9780921685332129,0.9292229073293584,0.9840719161956214,1.0,0.4791625105952258,1.1824162219248444
2020-06-25,6.946895241737366,7.399186940815138,6.367298182574186,7.37964118719101,1.096605896664454,6.433921527862549,7.507144941132644,5.471499240398407,0.9118541673514163,5.790498952865601,7.538645883610374,1.321770220111379,1.1683926769680855,7.480790726955121,0.3176025630256496,7.265132048550774,1.1824162219248444,7.587383099964687,1.1645778294909122,1.279904423775294,0.9379070381180827,0.9920360108854303,1.2011664210314075,1.2816984489552254,1.1305482131713789,0.25609070327979966,0.9431178446373699,0.47243830129026504,1.0939948038278384,0.9279202227852685,0.381860620438192,0.32621403781986874,0.3003495588894662,1.1551339585243487,0.3649262906615383,7.571179381012916,0.34654718763923836,0.2561367390489104,1.279904423775294,0.30160987679512946,1.191985517216372,0.42359278937402156,1.3474880012627313,0.9309598428357875,0.9596178776618507,0.8944854957164018,1.0,0.9888132515461723,0.4621619356005659,1.216507030554388
2020-06-29,6.914597194535392,7.385709024512249,6.320835421302101,7.365873830318451,1.0797928309791343,6.47012505531311,7.496279039054081,5.4333265125751495,0.9049066303544829,5.847394523620605,7.53777460800974,1.2990432026283865,1.1700272562551726,7.469355077009935,0.25609070327979966,7.243801389021032,1.2159091790527745,7.581453125817435,1.1771116911723671,1.2816984489552254,0.909682980882648,1.0,1.1645778294909122,1.3474880012627313,1.1124353217260965,0.21322702227251256,0.8944854957164018,0.4621619356005659,1.096605896664454,0.9379070381180827,0.43542870219995145,0.3003495588894662,0.23588045152432677,1.1683926769680855,0.32621403781986874,7.559699591994286,0.3176025630256496,0.30160987679512946,1.1551339585243487,0.3586970461173539,1.216507030554388,0.34654718763923836,1.279904423775294,0.9322622540081668,0.9431178446373699,0.9279202227852685,1.0,0.9799178212176214,0.3649262906615383,1.279904423775294
2020-07-01,6.883047311646598,7.375434823658155,6.275777274912054,7.352070310115814,1.1028660015479907,6.493301296234131,7.486996302111396,5.399546694755554,0.9357360566780973,5.9165295886993405,7.537643529239454,1.2011664210314075,1.1305482131713789,7.458555771754338,0.21322702227251256,7.224209277770099,1.284090796311862,7.575854272842407,1.0939948038278384,1.3474880012627313,0.9118541673514163,1.0,1.1771116911723671,1.279904423775294,1.108495527037028,0.16774222989250806,0.9279202227852685,0.3649262906615383,1.0797928309791343,0.909682980882648,0.4791625105952258,0.23588045152432677,0.19506090130451623,1.1700272562551726,0.3003495588894662,7.5475648701190945,0.25609070327979966,0.3586970461173539,1.1683926769680855,0.39570487326953957,1.279904423775294,0.3176025630256496,1.1551339585243487,0.9400780195580679,0.8944854957164018,0.9379070381180827,0.9780921685332129,0.9596178776618507,0.32621403781986874,1.2816984489552254
2020-07-08,6.800918364524842,7.354914916079977,6.1831271735104645,7.319049456119537,1.1376665361494036,6.526323699951172,7.467651099172132,5.500053024291992,0.9724410515206763,6.094547739028931,7.544305939423411,1.1700272562551726,1.1028660015479907,7.43272294998169,0.13831732368279218,7.1701344910789935,1.279904423775294,7.565224090303693,1.108495527037028,1.1645778294909122,0.9426835253321031,0.9431178446373699,1.1124353217260965,1.1771116911723671,1.1519959737776106,0.14884754163743216,0.9400780195580679,0.25609070327979966,1.1248721307472205,0.9405124755491902,0.32621403781986874,0.13690534131664267,0.1447068071594723,1.0797928309791343,0.16774222989250806,7.524319323897362,0.15495746906448707,0.4791625105952258,1.096605896664454,0.42359278937402156,1.2990432026283865,0.19506090130451623,1.0939948038278384,0.9357360566780973,0.9322622540081668,0.9322622540081668,0.8944854957164018,0.8988275952822278,0.21322702227251256,1.2011664210314075
2020-07-09,6.782725211552211,7.350936213783596,6.16464674689553,7.311487922668457,1.159160692591714,6.537533092498779,7.463785347445258,5.525577241182328,0.990813570556927,6.124177055358887,7.545228349535089,1.0939948038278384,1.1110543436778477,7.426518511772156,0.1447068071594723,7.157519211488611,1.2011664210314075,7.5635782200949535,1.1028660015479907,1.1683926769680855,0.957880873812494,0.9292229073293584,1.0797928309791343,1.1700272562551726,1.1376665361494036,0.15919599496090095,0.9118541673514163,0.23588045152432677,1.1519959737776106,0.9357360566780973,0.3176025630256496,0.13831732368279218,0.14884754163743216,1.108495527037028,0.15495746906448707,7.520228378474712,0.13690534131664267,0.4621619356005659,1.1124353217260965,0.3649262906615383,1.279904423775294,0.16774222989250806,1.1305482131713789,0.9426835253321031,0.909682980882648,0.9049066303544829,0.8988275952822278,0.9279202227852685,0.19506090130451623,1.1551339585243487
2020-07-10,6.767445833342416,7.3478034454843275,6.146937478672374,7.3051844763755795,1.133060392327556,6.566465592384338,7.461095342964962,5.561250561475754,0.9685038667664043,6.150292053222656,7.546453458384463,1.1305482131713789,1.1289660601635851,7.421583502109234,0.14884754163743216,7.1451093140770405,1.1551339585243487,7.561515385763986,1.1110543436778477,1.1771116911723671,0.954407344514274,0.8944854957164018,1.108495527037028,1.0939948038278384,1.159160692591714,0.1510015257385457,0.9322622540081668,0.21322702227251256,1.1376665361494036,0.9426835253321031,0.3003495588894662,0.1447068071594723,0.15919599496090095,1.1028660015479907,0.13690534131664267,7.515827986598015,0.13831732368279218,0.42359278937402156,1.0797928309791343,0.34654718763923836,1.2011664210314075,0.15495746906448707,1.096605896664454,0.957880873812494,0.9400780195580679,0.9405124755491902,0.9279202227852685,0.9309598428357875,0.16774222989250806,1.1645778294909122
2020-07-13,6.752625676563808,7.3432492028112,6.129613772305575,7.298246936798096,1.1519959737776106,6.588581514358521,7.45793851655105,5.595939257740975,0.9846893975448434,6.175195217132568,7.546620183241995,1.096605896664454,1.1248721307472205,7.416059415157025,0.15919599496090095,7.131534352022059,1.1645778294909122,7.558873131615775,1.1289660601635851,1.1700272562551726,0.9846893975448434,0.8988275952822278,1.1028660015479907,1.1305482131713789,1.133060392327556,0.16966963782901395,0.9049066303544829,0.19506090130451623,1.159160692591714,0.957880873812494,0.25609070327979966,0.14884754163743216,0.1510015257385457,1.1110543436778477,0.13831732368279218,7.511096231639385,0.1447068071594723,0.3649262906615383,1.108495527037028,0.32621403781986874,1.1551339585243487,0.13690534131664267,1.1124353217260965,0.954407344514274,0.9118541673514163,0.9357360566780973,0.9309598428357875,0.9379070381180827,0.15495746906448707,1.1683926769680855
2020-07-16,6.707619534220014,7.3342968173649,6.084886139089411,7.28136916399002,1.1269919007223623,6.6575044870376585,7.453254485952443,5.722651508450508,0.9961587643441896,6.274323148727417,7.544938494029798,1.108495527037028,1.159160692591714,7.40363436112037,0.17402757694276988,7.0965038215412815,1.1700272562551726,7.551082398550851,1.1376665361494036,1.096605896664454,0.9685038667664043,0.9379070381180827,1.1248721307472205,1.0797928309791343,1.105746099317489,0.15810711366641184,0.9426835253321031,0.13690534131664267,1.0700143722296398,0.9724410515206763,0.19506090130451623,0.16966963782901395,0.17018101743048805,1.1519959737776106,0.15919599496090095,7.499569624662399,0.1510015257385457,0.3176025630256496,1.1289660601635851,0.25609070327979966,1.1771116911723671,0.14884754163743216,1.1028660015479907,0.990813570556927,0.9405124755491902,0.954407344514274,0.909682980882648,0.9400780195580679,0.1447068071594723,1.0939948038278384
2020-10-02,6.037722679546901,7.043535920848017,6.449489532817494,6.764082627296448,1.0376372844897852,6.372397255897522,7.220518362111059,6.674820721149445,0.8585638685292368,6.682602205276489,7.393968623562863,1.0111990049707578,1.0169491606001855,7.175125309137198,0.27372011283446873,6.36085963529699,1.0470533912210556,7.336379276003156,1.001485088027913,1.010507206857485,0.8706747744748932,0.9581241400946948,1.004324851268506,1.0116658887746082,1.0187011425287955,0.34390177652944226,0.9568035481005059,0.14155312618698826,1.0031168553736305,0.8750000202263277,0.11020513817940748,0.2466405507436201,0.3054561971854373,1.0024096017860504,0.1902258505977583,7.294155652821064,0.22234393330626595,0.11663747001785421,1.0102659718035225,0.11140533373087759,1.0452261790688042,0.172616497342302,1.0139989858010225,0.8823529243886641,0.9292450429819438,0.902807895384412,0.932161013948563,0.9598817551687784,0.14452343864625544,1.0169027729434552
2020-10-08,6.103944172177996,6.992660172089287,6.473234900561246,6.706591293811798,1.0404838891860992,6.223338985443116,7.198788323895685,6.65998187661171,0.8764394689301723,6.611648073196411,7.371163378263775,1.004324851268506,1.0187011425287955,7.144128914979788,0.35263413015237965,6.300253074309405,1.0059769729088093,7.319400221960885,1.0031168553736305,1.0139989858010225,0.8585638685292368,0.9380831084982086,1.0130849678184126,1.0102659718035225,1.0478442577879172,0.34164096770190283,0.8750000202263277,0.1902258505977583,1.053102195896673,0.8352074325506702,0.13847646584463738,0.35363290854940854,0.3620273867280392,1.0,0.3054561971854373,7.268995481729507,0.34390177652944226,0.09947798356355392,1.0169491606001855,0.12557061147704096,1.010507206857485,0.27372011283446873,1.0024096017860504,0.8481831017294618,0.902807895384412,0.8706747744748932,0.9296740875698476,0.9292450429819438,0.2466405507436201,1.0116658887746082
2020-12-02,6.559757212230138,6.631041767286217,6.661167504570701,6.2835178518295285,1.3284898787051502,7.1366242408752445,7.059431608792009,6.605414575338363,0.9598801260300063,6.4720421981811525,7.249999154241461,1.2350620299884194,1.4780154268085455,6.897491532105666,0.7314154625637287,6.290836042516371,1.1116120049598517,7.190325472695487,1.4148814846402211,1.218150792986062,0.9842520074347354,0.9295173650247213,1.3275081500862438,1.289740619817774,1.3195546818105797,0.7423484442089336,0.9856115845402245,0.39700885091579297,1.4374293274661039,1.0,0.29163807724262,0.6732663612544212,0.7587786804226028,1.3427279262495673,0.5328254926384999,7.133725523948669,0.5937649742062594,0.16020632932741274,1.335400037028481,0.15987086805729872,1.1076659727679967,0.5025655518885341,1.275648129330861,0.9831270805529752,0.9379280984917094,0.9755591976894479,0.9408702608073352,0.9342483152671053,0.47124442759424295,1.121194731695968
2020-12-03,6.579753599848066,6.62569459832233,6.677143131602894,6.278853106498718,1.344577370754099,7.241449856758118,7.059911308617427,6.619994723796845,0.9715038983620189,6.506822471618652,7.250900045194124,1.275648129330861,1.4797066214853702,6.894169117854192,0.7587786804226028,6.314467724631815,1.121194731695968,7.189763575962612,1.4780154268085455,1.3010143637892426,0.9681291177167376,0.9328287472784433,1.3427279262495673,1.2350620299884194,1.3284898787051502,0.7172921468810141,0.9813587876152231,0.43267843451341564,1.3195546818105797,0.9831270805529752,0.34877834017131154,0.7314154625637287,0.7423484442089336,1.4148814846402211,0.5937649742062594,7.1353383794426914,0.6732663612544212,0.15995606095446904,1.3275081500862438,0.15995241909434316,1.1116120049598517,0.5328254926384999,1.3128519280403892,0.9842520074347354,0.968749905054582,0.9867439068921297,0.9342483152671053,0.9524019436630256,0.5025655518885341,1.1133036432403582
2020-12-04,6.6022169862474716,6.621849084937054,6.693311600251631,6.275990996360779,1.3633565278527484,7.357182264328003,7.061300330326475,6.635445904731751,0.9907028633070093,6.5476014518737795,7.252076455166465,1.3128519280403892,1.4554677614241356,6.892573363964374,0.7423484442089336,6.338598439272713,1.1133036432403582,7.189694374629429,1.4797066214853702,1.289740619817774,0.9561305467997884,0.9408702608073352,1.4148814846402211,1.275648129330861,1.344577370754099,0.6801556786097764,0.9755591976894479,0.47124442759424295,1.3284898787051502,0.9842520074347354,0.36697874856133433,0.7587786804226028,0.7172921468810141,1.4780154268085455,0.6732663612544212,7.138007222115993,0.7314154625637287,0.15987086805729872,1.3427279262495673,0.19669586918650184,1.121194731695968,0.5937649742062594,1.335400037028481,0.9681291177167376,0.9856115845402245,1.0,0.9524019436630256,0.9969762550333614,0.5328254926384999,1.218150792986062
2020-12-07,6.620525482722691,6.6168312363002615,6.708323283628984,6.272416906356812,1.4089042506594747,7.467006635665894,7.06237108460788,6.650291156768799,0.9985491835828268,6.588622779846191,7.2530628392570895,1.335400037028481,1.4374293274661039,6.890612877332247,0.7172921468810141,6.361232157314525,1.218150792986062,7.189056995936802,1.4554677614241356,1.2350620299884194,0.9336334255031151,0.9342483152671053,1.4780154268085455,1.3128519280403892,1.3633565278527484,0.6520295913429328,0.9867439068921297,0.5025655518885341,1.344577370754099,0.9681291177167376,0.39700885091579297,0.7423484442089336,0.6801556786097764,1.4797066214853702,0.7314154625637287,7.14104627519846,0.7587786804226028,0.15995241909434316,1.4148814846402211,0.29163807724262,1.1133036432403582,0.6732663612544212,1.3275081500862438,0.9561305467997884,0.9813587876152231,0.9831270805529752,0.9969762550333614,0.9794519932772495,0.5937649742062594,1.3010143637892426
2020-12-08,6.637795233726502,6.611523578477942,6.72195785262368,6.2677370023727415,1.2832700563382744,7.543505048751831,7.0634346698892525,6.662333965301514,0.971572476088479,6.62655385017395,7.254049426630924,1.3275081500862438,1.3195546818105797,6.888600991322444,0.6801556786097764,6.381103588553036,1.3010143637892426,7.18841983795166,1.4374293274661039,1.275648129330861,0.9598801260300063,0.9524019436630256,1.4797066214853702,1.335400037028481,1.4089042506594747,0.6232467668421008,1.0,0.5328254926384999,1.3633565278527484,0.9561305467997884,0.43267843451341564,0.7172921468810141,0.6520295913429328,1.4554677614241356,0.7587786804226028,7.144060273468495,0.7423484442089336,0.19669586918650184,1.4780154268085455,0.34877834017131154,1.218150792986062,0.7314154625637287,1.3427279262495673,0.9336334255031151,0.9755591976894479,0.9842520074347354,0.9794519932772495,0.9379280984917094,0.6732663612544212,1.289740619817774
2020-12-09,6.654329259055001,6.606835021143374,6.7353996797041455,6.262269430160522,1.2246205971225206,7.601977205276489,7.064944319889463,6.677860873937607,0.9593376929203034,6.66781756401062,7.255724313384608,1.3427279262495673,1.3284898787051502,6.885685619941125,0.6520295913429328,6.401776992573458,1.289740619817774,7.188319601331439,1.3195546818105797,1.3128519280403892,0.9715038983620189,0.9969762550333614,1.4554677614241356,1.3275081500862438,1.2832700563382744,0.6001373561769199,0.9831270805529752,0.5937649742062594,1.4089042506594747,0.9336334255031151,0.47124442759424295,0.6801556786097764,0.6232467668421008,1.4374293274661039,0.7423484442089336,7.14698686003685,0.7172921468810141,0.29163807724262,1.4797066214853702,0.36697874856133433,1.3010143637892426,0.7587786804226028,1.4148814846402211,0.9598801260300063,0.9867439068921297,0.9681291177167376,0.9379280984917094,0.968749905054582,0.7314154625637287,1.2350620299884194
2020-12-10,6.673005649021694,6.603437353217084,6.751485521143133,6.259089207649231,1.2374826680191313,7.67680926322937,7.066861493012,6.697364169359207,0.969413523303301,6.717443065643311,7.257759754281295,1.4148814846402211,1.344577370754099,6.883646242435162,0.6232467668421008,6.423252358156092,1.2350620299884194,7.1891073226928714,1.3284898787051502,1.335400037028481,0.9907028633070093,0.9794519932772495,1.4374293274661039,1.3427279262495673,1.2246205971225206,0.5327243099070071,0.9842520074347354,0.6732663612544212,1.2832700563382744,0.9598801260300063,0.5025655518885341,0.6520295913429328,0.6001373561769199,1.3195546818105797,0.7172921468810141,7.150514681637287,0.6801556786097764,0.34877834017131154,1.4554677614241356,0.39700885091579297,1.289740619817774,0.7423484442089336,1.4780154268085455,0.9715038983620189,1.0,0.9561305467997884,0.968749905054582,0.9856115845402245,0.7587786804226028,1.275648129330861
2020-12-11,6.69226633140019,6.599881615846053,6.765423120151866,6.256711831092835,1.2779049354372483,7.762548112869263,7.068292302098768,6.716185832023621,0.9865247851831752,6.767492771148682,7.259433112646404,1.4780154268085455,1.3633565278527484,6.881602896176852,0.6001373561769199,6.443159476448508,1.275648129330861,7.189821703774588,1.344577370754099,1.3275081500862438,0.9985491835828268,0.9379280984917094,1.3195546818105797,1.4148814846402211,1.2374826680191313,0.502670682871097,0.9681291177167376,0.7314154625637287,1.2246205971225206,0.9715038983620189,0.5328254926384999,0.6232467668421008,0.5327243099070071,1.3284898787051502,0.6801556786097764,7.152961649000645,0.6520295913429328,0.36697874856133433,1.4374293274661039,0.43267843451341564,1.2350620299884194,0.7172921468810141,1.4797066214853702,0.9907028633070093,0.9831270805529752,0.9336334255031151,0.9856115845402245,0.9813587876152231,0.7423484442089336,1.3128519280403892
2020-12-14,6.709882388796125,6.596312713623047,6.7802695881236685,6.258848519325256,1.2594792710686773,7.838137698173523,7.06924306277571,6.733606284856796,0.9776597860210821,6.8160276699066165,7.261409867437262,1.4797066214853702,1.4089042506594747,6.880238437652588,0.5327243099070071,6.4615161671358,1.3128519280403892,7.1906382724217,1.3633565278527484,1.3427279262495673,0.971572476088479,0.968749905054582,1.3284898787051502,1.4780154268085455,1.2779049354372483,0.5032082980264377,0.9561305467997884,0.7587786804226028,1.2374826680191313,0.9907028633070093,0.5937649742062594,0.6001373561769199,0.502670682871097,1.344577370754099,0.6520295913429328,7.155455954372883,0.6232467668421008,0.39700885091579297,1.3195546818105797,0.47124442759424295,1.275648129330861,0.6801556786097764,1.4554677614241356,0.9985491835828268,0.9842520074347354,0.9598801260300063,0.9813587876152231,0.9755591976894479,0.7172921468810141,1.335400037028481
2020-12-15,6.727585015978132,6.59348144116609,6.794592783667825,6.2627120780944825,1.2019148714812222,7.907213592529297,7.070382917338404,6.752390056848526,0.9770074422354046,6.864501943588257,7.263244454484237,1.4554677614241356,1.2832700563382744,6.878981076754057,0.502670682871097,6.481173798617195,1.335400037028481,7.191611851283482,1.4089042506594747,1.4148814846402211,0.9593376929203034,0.9856115845402245,1.344577370754099,1.4797066214853702,1.2594792710686773,0.5095469682122538,0.9336334255031151,0.7423484442089336,1.2779049354372483,0.9985491835828268,0.6732663612544212,0.5327243099070071,0.5032082980264377,1.3633565278527484,0.6232467668421008,7.158353540301323,0.6001373561769199,0.43267843451341564,1.3284898787051502,0.5025655518885341,1.3128519280403892,0.6520295913429328,1.4374293274661039,0.971572476088479,0.9681291177167376,0.9715038983620189,0.9755591976894479,0.9867439068921297,0.6801556786097764,1.3275081500862438
2020-12-16,6.745460765702384,6.591690768366274,6.811257032914595,6.267030079364776,1.211923490012312,7.975380516052246,7.071581120326601,6.773067355155945,0.9851432054440907,6.92006555557251,7.264978067498458,1.4374293274661039,1.2246205971225206,6.877890040324284,0.5032082980264377,6.5012413193197816,1.3275081500862438,7.192854494367327,1.2832700563382744,1.4780154268085455,0.969413523303301,0.9813587876152231,1.3633565278527484,1.4554677614241356,1.2019148714812222,0.4681275168568899,0.9598801260300063,0.7172921468810141,1.2594792710686773,0.971572476088479,0.7314154625637287,0.502670682871097,0.5095469682122538,1.4089042506594747,0.6001373561769199,7.161294731497764,0.5327243099070071,0.47124442759424295,1.344577370754099,0.5328254926384999,1.335400037028481,0.6232467668421008,1.3195546818105797,0.9593376929203034,0.9561305467997884,0.9907028633070093,0.9867439068921297,1.0,0.6520295913429328,1.3427279262495673
2020-12-17,6.763790951456342,6.590005480724832,6.8270399483767426,6.269621222019196,1.2062473856930107,8.04642562866211,7.072493766916209,6.794577807188034,0.9971700294105511,6.969812231063843,7.266836801328157,1.3195546818105797,1.2374826680191313,6.877294008548443,0.5095469682122538,6.521754377028522,1.3427279262495673,7.194283477238247,1.2246205971225206,1.4797066214853702,0.9865247851831752,0.9755591976894479,1.4089042506594747,1.4374293274661039,1.211923490012312,0.43493370932973685,0.9715038983620189,0.6801556786097764,1.2019148714812222,0.9593376929203034,0.7587786804226028,0.5032082980264377,0.4681275168568899,1.2832700563382744,0.5327243099070071,7.163671007752418,0.502670682871097,0.5025655518885341,1.3633565278527484,0.5937649742062594,1.3275081500862438,0.6001373561769199,1.3284898787051502,0.969413523303301,0.9336334255031151,0.9985491835828268,1.0,0.9831270805529752,0.6232467668421008,1.4148814846402211
2020-12-18,6.780584706578936,6.58770110503487,6.84340124130249,6.272727394104004,1.208386874476051,8.11126000881195,7.073536530856429,6.814005386829376,0.994716462777207,7.019316577911377,7.268188625887821,1.3284898787051502,1.2779049354372483,6.87662678865286,0.4681275168568899,6.542641670563642,1.4148814846402211,7.195978381293161,1.2374826680191313,1.4554677614241356,0.9776597860210821,0.9867439068921297,1.2832700563382744,1.3195546818105797,1.2062473856930107,0.41335357945646334,0.9907028633070093,0.6520295913429328,1.211923490012312,0.969413523303301,0.7423484442089336,0.5095469682122538,0.43493370932973685,1.2246205971225206,0.502670682871097,7.165794137120247,0.5032082980264377,0.5328254926384999,1.4089042506594747,0.6732663612544212,1.3427279262495673,0.5327243099070071,1.344577370754099,0.9865247851831752,0.9598801260300063,0.971572476088479,0.9831270805529752,0.9842520074347354,0.6001373561769199,1.4780154268085455
2020-12-21,6.795062937055316,6.583776523755945,6.854749878970059,6.272925138473511,1.1688851085170928,8.140344524383545,7.07351242920448,6.8297216415405275,0.9897851857750729,7.06312515258789,7.268919667444731,1.344577370754099,1.2594792710686773,6.8748045371128965,0.43493370932973685,6.562780439152437,1.4780154268085455,7.197369575500488,1.2779049354372483,1.4374293274661039,0.9770074422354046,1.0,1.2246205971225206,1.3284898787051502,1.208386874476051,0.398792024096362,0.9985491835828268,0.6232467668421008,1.2062473856930107,0.9865247851831752,0.7172921468810141,0.4681275168568899,0.41335357945646334,1.2374826680191313,0.5032082980264377,7.166774167120456,0.5095469682122538,0.5937649742062594,1.2832700563382744,0.7314154625637287,1.4148814846402211,0.502670682871097,1.3633565278527484,0.9776597860210821,0.9715038983620189,0.9593376929203034,0.9842520074347354,0.9681291177167376,0.5327243099070071,1.4797066214853702
2020-12-23,6.8218121937343055,6.57893065162327,6.880008597807451,6.283696966171265,1.0982286092373135,8.182153606414795,7.073540500114704,6.870849001407623,0.9609018176693518,7.153953800201416,7.270911960852773,1.4089042506594747,1.211923490012312,6.870535377355722,0.398792024096362,6.604038168402279,1.4554677614241356,7.200895925249372,1.2019148714812222,1.3284898787051502,0.9971700294105511,0.9842520074347354,1.2779049354372483,1.3633565278527484,1.0877615010847244,0.32413662347060873,0.9593376929203034,0.5327243099070071,1.1688851085170928,0.9770074422354046,0.6520295913429328,0.41335357945646334,0.36641450382521357,1.2594792710686773,0.4681275168568899,7.168942493200302,0.43493370932973685,0.7314154625637287,1.2374826680191313,0.7423484442089336,1.4797066214853702,0.5095469682122538,1.2832700563382744,0.9851432054440907,0.9985491835828268,0.9865247851831752,0.9561305467997884,0.9336334255031151,0.5032082980264377,1.4374293274661039
2020-12-28,6.836420335088458,6.576995094962742,6.894992802359841,6.302072236537933,1.1252010738821934,8.217903423309327,7.073346368197737,6.892207992076874,0.9845015400643883,7.202731037139893,7.2723663217143,1.2832700563382744,1.2062473856930107,6.868490252128014,0.36641450382521357,6.624408663020414,1.4374293274661039,7.203341722488403,1.211923490012312,1.344577370754099,0.994716462777207,0.9681291177167376,1.2594792710686773,1.4089042506594747,1.0982286092373135,0.3015749955411608,0.969413523303301,0.502670682871097,1.0877615010847244,0.9851432054440907,0.6232467668421008,0.398792024096362,0.32413662347060873,1.2019148714812222,0.43493370932973685,7.170696093142032,0.41335357945646334,0.7587786804226028,1.2779049354372483,0.7172921468810141,1.4554677614241356,0.4681275168568899,1.2246205971225206,0.9971700294105511,0.971572476088479,0.9776597860210821,0.9336334255031151,0.9598801260300063,0.5095469682122538,1.3195546818105797
2021-04-07,7.349737971169608,7.015934396826703,7.661688722263683,7.183383903503418,1.1514862537217383,7.128141164779663,6.82469884609354,7.9468261957168576,0.9848299730356165,7.534658622741699,7.275143520455611,1.13476576879848,1.1635744021444487,6.740693427049196,0.26964257831443195,7.267166221843047,1.0908203529134515,7.192188543592181,1.1455079866937687,1.1547854265586939,0.9875674706087649,0.6982536776656201,1.1142580310135628,1.1757813212192074,1.1524447066000054,0.24649390478293326,0.9314848908797244,0.3062085546368324,1.1452540842112302,0.9722338536292979,0.7450972040476903,0.2694447400699643,0.2491712675795378,1.1328127570416264,0.26351449915166714,7.032102328538895,0.2660519983382871,0.9466756865105537,1.113281409858796,0.9023768795824466,1.0541994419873884,0.2634247221497376,1.1718752208546068,0.9875674706087649,0.8157246907745519,0.9037622698585036,0.7532341114622996,0.749353149845393,0.2874110269155872,1.1372070142818234
2021-04-08,7.351837083271572,7.0242597849472705,7.669565790349787,7.186914083957672,1.1121410510986882,7.1487427949905396,6.820019158001604,7.934328931570053,0.984009786721265,7.514117670059204,7.272946888522098,1.1718752208546068,1.1635744021444487,6.755154407941378,0.2491712675795378,7.2687701533822455,1.1372070142818234,7.186894497190203,1.1635744021444487,1.1367188574062268,0.9946347848443006,0.722509700496919,1.1328127570416264,1.13476576879848,1.1514862537217383,0.2463240206910678,0.9029701433249203,0.30014325262444747,1.1524447066000054,0.9875674706087649,0.6084289757229789,0.26964257831443195,0.24649390478293326,1.1455079866937687,0.2660519983382871,7.026666076481343,0.2694447400699643,0.9270612843605739,1.1142580310135628,0.8671938744583336,1.0908203529134515,0.26351449915166714,1.1484375427544955,0.9875674706087649,0.9504949303592708,0.961458955338946,0.749353149845393,0.7648772508256709,0.2634247221497376,1.131347671607689
2021-04-09,7.355148046357291,7.031781677577807,7.678048792752352,7.190262484550476,1.0694946279847561,7.154196238517761,6.814817135909508,7.9229299306869505,0.9717097022990873,7.49381908416748,7.270335433357641,1.1484375427544955,1.1553211215475123,6.768485118792607,0.24649390478293326,7.269625590829288,1.131347671607689,7.181616532461984,1.1635744021444487,1.1757813212192074,0.9794997944849393,0.7532341114622996,1.1455079866937687,1.1718752208546068,1.1121410510986882,0.19704054886348585,0.9037622698585036,0.2874110269155872,1.1514862537217383,0.9875674706087649,0.4297992280904543,0.2491712675795378,0.2463240206910678,1.1635744021444487,0.2694447400699643,7.020538142323494,0.26964257831443195,0.9023768795824466,1.1328127570416264,0.8163922801551793,1.1372070142818234,0.2660519983382871,1.113281409858796,0.9946347848443006,0.9314848908797244,0.9722338536292979,0.7648772508256709,0.752910778589897,0.26351449915166714,1.1547854265586939
2021-04-13,7.364453373636518,7.0490910654482635,7.699338904294101,7.1975197815895084,1.0780686514040576,7.169950342178344,6.804674260369662,7.896799266338348,0.9794997944849393,7.449586315155029,7.265832394047787,1.1142580310135628,1.1524447066000054,6.796871071595412,0.19704054886348585,7.274686869452982,1.1367188574062268,7.172698830195836,1.1452540842112302,1.1718752208546068,0.9848299730356165,0.7648772508256709,1.1635744021444487,1.113281409858796,1.067238317246725,0.12664156620336214,0.9722338536292979,0.26351449915166714,1.0694946279847561,0.9794997944849393,0.30014325262444747,0.2463240206910678,0.15218421221371828,1.1553211215475123,0.2491712675795378,7.009008571505547,0.24649390478293326,0.8163922801551793,1.1635744021444487,0.6084289757229789,1.1547854265586939,0.26964257831443195,1.1328127570416264,0.9856497076344525,0.9037622698585036,0.9875674706087649,0.7787839748085118,0.8157246907745519,0.2694447400699643,1.1757813212192074
2021-04-14,7.370252980504717,7.056823724249135,7.714982873743231,7.202670810222625,1.0816784076666393,7.186158943176269,6.799890125208887,7.884604948759079,0.9827795072497382,7.435407590866089,7.263607164433128,1.1328127570416264,1.1514862537217383,6.8098056224676276,0.15218421221371828,7.279231337939992,1.1757813212192074,7.167568804877145,1.1524447066000054,1.1484375427544955,0.984009786721265,0.752910778589897,1.1553211215475123,1.1142580310135628,1.0780686514040576,0.12477383608110645,0.9875674706087649,0.2660519983382871,1.067238317246725,0.9856497076344525,0.2874110269155872,0.19704054886348585,0.12664156620336214,1.1452540842112302,0.24649390478293326,7.00358072668314,0.2463240206910678,0.7450972040476903,1.1635744021444487,0.4297992280904543,1.1367188574062268,0.2491712675795378,1.1455079866937687,0.9848299730356165,0.961458955338946,0.9946347848443006,0.8157246907745519,0.9504949303592708,0.26964257831443195,1.13476576879848
2021-04-15,7.374877755982535,7.064354985693226,7.727589238773692,7.20603000164032,1.0988266675791598,7.1829341173172,6.794392575888798,7.870392560958862,0.990642817617973,7.4132131004333495,7.261028186898482,1.1455079866937687,1.1121410510986882,6.82093070103572,0.12664156620336214,7.2829508669236125,1.13476576879848,7.162767145974295,1.1514862537217383,1.113281409858796,0.9717097022990873,0.7787839748085118,1.1452540842112302,1.1328127570416264,1.0816784076666393,0.12189722665925405,0.9875674706087649,0.2694447400699643,1.0780686514040576,0.9848299730356165,0.2634247221497376,0.15218421221371828,0.12477383608110645,1.1524447066000054,0.2463240206910678,6.997312837839127,0.19704054886348585,0.6084289757229789,1.1553211215475123,0.3062085546368324,1.1757813212192074,0.24649390478293326,1.1635744021444487,0.984009786721265,0.9722338536292979,0.9794997944849393,0.9504949303592708,0.9314848908797244,0.2491712675795378,1.1718752208546068
2021-04-16,7.378280469349453,7.0717088035915205,7.7407610069621695,7.210154583454132,1.0770357400762063,7.190241599082947,6.788378204148391,7.854761117696762,0.9689467153383406,7.38329478263855,7.258419768433821,1.1635744021444487,1.0694946279847561,6.8318055831469024,0.12477383608110645,7.2839174971861,1.1718752208546068,7.157475524629866,1.1121410510986882,1.1142580310135628,0.9696596882287243,0.8157246907745519,1.1524447066000054,1.1455079866937687,1.0988266675791598,0.12380980038248501,0.9946347848443006,0.26964257831443195,1.0816784076666393,0.984009786721265,0.26351449915166714,0.12664156620336214,0.12189722665925405,1.1514862537217383,0.19704054886348585,6.990877695381641,0.15218421221371828,0.4297992280904543,1.1452540842112302,0.30014325262444747,1.13476576879848,0.2463240206910678,1.1635744021444487,0.9717097022990873,0.9875674706087649,0.9856497076344525,0.9314848908797244,0.9029701433249203,0.24649390478293326,1.1484375427544955
2021-04-20,7.393794049535479,7.091111075359842,7.769264004447243,7.221378939151764,1.1325434132744303,7.223550152778626,6.777795395357855,7.829345625638962,0.9754922170365089,7.334571123123169,7.255695586455496,1.1553211215475123,1.0780686514040576,6.858652140544011,0.12380980038248501,7.2905271838693055,1.113281409858796,7.149354325703213,1.067238317246725,1.1455079866937687,0.9827795072497382,0.9314848908797244,1.1121410510986882,1.1635744021444487,1.0705053086005387,0.12672487737803462,0.9856497076344525,0.24649390478293326,1.0770357400762063,0.9696596882287243,0.2694447400699643,0.12189722665925405,0.12881263945136776,1.0694946279847561,0.12664156620336214,6.980311878025532,0.12477383608110645,0.30014325262444747,1.1514862537217383,0.2634247221497376,1.1484375427544955,0.15218421221371828,1.1452540842112302,0.9794997944849393,0.9946347848443006,0.984009786721265,0.9037622698585036,0.961458955338946,0.19704054886348585,1.1142580310135628
